8,Коньяк,Коньяк
7,Карамель,Карамель
11,Песочный,Песочный
12,Коньяк,Коньяк
13,Ливинг,Ливинг
15,Коттедж,Коттедж
25,"Ясень Махагон","Ясень Махагон"
27,"Ясень Слоновая кость","Ясень Слоновая кость"
28,Карамель,Карамель
29,Кофе,Кофе
30,Селект,Селект
31,Барокко,Барокко
32,Сахара,Сахара
39,"Хамсин (KHAMSIN)","Хамсин (KHAMSIN)"
47,Saimaa,Saimaa
48,Natural,Natural
49,"Country Vanilla Matt","Country Vanilla Matt"
51,Oregano,Oregano
53,"Super White","Super White"
52,"Darc Chocolate","Darc Chocolate"
54,Grey,Grey
56,"Elm Red","Elm Red"
57,"Elm Red","Elm Red"
60,"Бамбук Натур","Бамбук Натур"
59,"Бамбук Кофе","Бамбук Кофе"
61,"Дуб Вулканик","Дуб Вулканик"
62,"Дуб натур Браш","Дуб натур Браш"
66,Cocoa,Cocoa
69,Ванильный,Ванильный
71,"Аваланж (Avalanche)","Аваланж (Avalanche)"
70,"Антик белый (Antique white)","Антик белый (Antique white)"
72,Орех,Орех
80,Прайм,Прайм
82,"прайм термо","прайм термо"
83,"Alaska масло","Alaska масло"
86,"Carbon White","Carbon White"
89,"Дуб Натуральный","Дуб Натуральный"
90,"Ясень Крем белый","Ясень Крем белый"
94,Тренд,Тренд
96,Рустик,Рустик
95,Натур,Натур
104,американский,американский
108,Миндаль,Миндаль
111,Кашемир,Кашемир
112,Айс,Айс
119,"Дуб Эбенхольц, масло УФ","Дуб Эбенхольц, масло УФ"
120,"Дуб Белый, масло УФ","Дуб Белый, масло УФ"
122,"Дуб Платина, лак УФ","Дуб Платина, лак УФ"
123,Леон,Леон
125,Севилья,Севилья
124,Майорка,Майорка
126,Верона,Верона
127,Венеция,Венеция
134,Sasso,Sasso
135,Farina,Farina
136,Дуб,Дуб
138,"Твердый Клен Арабика","Твердый Клен Арабика"
137,копчёный,копчёный
152,Traditional,Traditional
150,"Тёмный Шоколад / Dark chocolate","Тёмный Шоколад / Dark chocolate"
153,"Traditional белый","Traditional белый"
154,Pearl,Pearl
162,Сахара,Сахара
155,Antique,Antique
163,Британия,Британия
156,"Stonewashed Old grey","Stonewashed Old grey"
164,Церматт,Церматт
165,(ясень),(ясень)
167,темный,темный
166,Эльм,Эльм
169,Эстато,Эстато
170,светлый,светлый
171,Пулито,Пулито
172,"без покрытия","без покрытия"
173,Дуб,Дуб
174,Дуб,Дуб
177,Grey,Grey
175,Дуб,Дуб
179,Noce,Noce
181,"Дуб Натур Браш","Дуб Натур Браш"
182,"Дуб Коньяк","Дуб Коньяк"
183,"Ясень Коньяк","Ясень Коньяк"
185,"Дуб Вайт","Дуб Вайт"
184,"Дуб Селект","Дуб Селект"
191,"Дуб Натуральный","Дуб Натуральный"
193,"Дуб Siena","Дуб Siena"
194,"Дуб Elba","Дуб Elba"
195,"Дуб Lido","Дуб Lido"
186,Американский,Американский
197,Натуральный,Натуральный
196,Натур,Натур
198,"Ноче Олд","Ноче Олд"
199,Марроне,Марроне
200,Морденте,Морденте
201,Милан,Милан
202,Мурано,Мурано
203,Флоренция,Флоренция
204,Тоскано,Тоскано
205,Кьянти,Кьянти
206,Термо,Термо
212,"сортировка Рустик","сортировка Рустик"
214,"сортировка Натур","сортировка Натур"
216,"Молочный шоколад","Молочный шоколад"
217,"Мокка / Mocca","Мокка / Mocca"
218,"Янтарный / Amber","Янтарный / Amber"
221,Traditional,Traditional
222,"Traditional белый","Traditional белый"
224,Antique,Antique
223,"Stonewashed Old grey","Stonewashed Old grey"
226,Сахара,Сахара
227,Британия,Британия
229,(ясень),(ясень)
228,Церматт,Церматт
230,Эльм,Эльм
232,Селект,Селект
233,L,L
234,M,M
235,D,D
236,"Красный медовый","Красный медовый"
238,"Красный  Умеренно-коричневый","Красный  Умеренно-коричневый"
241,"Кофе горизонтальный","Кофе горизонтальный"
242,Натур,Натур
243,Табако,Табако
245,Карамель,Карамель
247,Кемпас,Кемпас
246,Мербау,Мербау
250,Ормозия,Ормозия
252,Кофе,Кофе
253,"Черное золото","Черное золото"
256,Ироко,Ироко
257,дерево,дерево
258,Ятоба,Ятоба
260,Сукупира,Сукупира
261,Кумару,Кумару
262,Сукупира,Сукупира
259,Боссе,Боссе
263,Палисандр,Палисандр
268,(Ипе),(Ипе)
271,"Бамбук Натур","Бамбук Натур"
267,"(Бразильская вишня)","(Бразильская вишня)"
272,"Бамбук Кофе","Бамбук Кофе"
273,Кемпас,Кемпас
274,"Каслин Орех","Каслин Орех"
277,"Ясень Белый","Ясень Белый"
276,"Дуб Белый 18х120х300-1800","Дуб Белый 18х120х300-1800"
278,"Ясень Светлый орех","Ясень Светлый орех"
280,"Ясень Шоколад","Ясень Шоколад"
282,европейский,европейский
284,орех,орех
283,Ятоба,Ятоба
286,рустик,рустик
287,клен,клен
288,натур,натур
289,натур,натур
291,"Дуб Натуральный","Дуб Натуральный"
290,селект,селект
293,"Дуб Monaco","Дуб Monaco"
294,"Дуб Dante","Дуб Dante"
295,"Дуб Bruno","Дуб Bruno"
298,"европейский маркант","европейский маркант"
303,"Дуб Бурбон, масло Черное УФ МОДУЛЬ № 7","Дуб Бурбон, масло Черное УФ МОДУЛЬ № 7"
304,"Дуб лак УФ МОДУЛЬ № 13","Дуб лак УФ МОДУЛЬ № 13"
305,"Дуб лак УФ МОДУЛЬ № 12","Дуб лак УФ МОДУЛЬ № 12"
361,Рустик,Рустик
364,Радиал,Радиал
366,Рустик,Рустик
367,Стандарт,Стандарт
369,Радиал,Радиал
373,Радиал,Радиал
368,Натур,Натур
370,Рустик,Рустик
375,"Европейский Натур","Европейский Натур"
371,Натур,Натур
377,"Европейксий Стандарт","Европейксий Стандарт"
382,Балау,Балау
383,Ормозия,Ормозия
384,"Дуб Аутентика","Дуб Аутентика"
390,Колорадо,Колорадо
385,Коньячный,Коньячный
391,Орех,Орех
392,горная,горная
393,речной,речной
394,белый,белый
404,122,122
397,Саванна,Саванна
405,107,107
406,414,414
407,153,153
434,21х145,21х145
440,"гладкая 21 x 145","гладкая 21 x 145"
445,мербау,мербау
446,Мербау,Мербау
447,покрытия,покрытия
449,покрытием,покрытием
461,Банкирай,Банкирай
462,Банкирай,Банкирай
465,Американский,Американский
464,Ипе,Ипе
472,шоколад,шоколад
473,Шамбор,Шамбор
474,Пастель,Пастель
476,Ривьера,Ривьера
477,свет,свет
475,Натуральный,Натуральный
478,Жемчужный,Жемчужный
479,шоколад,шоколад
480,Шамбор,Шамбор
508,"Corium Veneto Borgogna","Corium Veneto Borgogna"
481,Пастель,Пастель
509,"Corium Lombardia Antico","Corium Lombardia Antico"
482,Натуральный,Натуральный
510,"Corium Toscana Ruggine","Corium Toscana Ruggine"
514,"Granorte Granorte Corium Lombardia Antico","Granorte Granorte Corium Lombardia Antico"
512,"Corium Veneto Seppia","Corium Veneto Seppia"
516,"Granorte Granorte Corium Veneto Seppia","Granorte Granorte Corium Veneto Seppia"
517,"Granorte Granorte Corium Calabria Vaniglia","Granorte Granorte Corium Calabria Vaniglia"
515,"Granorte Granorte Corium Toscana Ruggine","Granorte Granorte Corium Toscana Ruggine"
513,"Granorte Granorte Corium Veneto Borgogna","Granorte Granorte Corium Veneto Borgogna"
522,Термоясень,Термоясень
521,Термоясень,Термоясень
523,Термоясень,Термоясень
524,ванной,ванной
525,ванной,ванной
526,ванной,ванной
527,ванной,ванной
531,Дуб,Дуб
532,Ясень,Ясень
536,"unique - StrongAir Elite+","unique - StrongAir Elite+"
534,Бук,Бук
535,Дуб,Дуб
537,"natur - StrongAir Elite+","natur - StrongAir Elite+"
539,"natur - StrongAir Elite","natur - StrongAir Elite"
538,"unique - StrongAir Elite","unique - StrongAir Elite"
540,"unique - SpringAir Elite+","unique - SpringAir Elite+"
544,Черный,Черный
545,"Черный Антик","Черный Антик"
546,Красный,Красный
550,дуб,дуб
551,орех,орех
552,"орех золото","орех золото"
553,Антрацит,Антрацит
554,Бальзамо,Бальзамо
556,Бесцветный,Бесцветный
557,Белый,Белый
559,Вишня,Вишня
560,Ипе,Ипе
558,Венге,Венге
561,Каштан,Каштан
562,Кемпас,Кемпас
564,Лапачо,Лапачо
565,Лимонный,Лимонный
566,Макоре,Макоре
567,дуб,дуб
569,бруса,бруса
568,бруса,бруса
570,косая,косая
572,Планкен,Планкен
595,американский,американский
573,Планкен,Планкен
574,косая,косая
596,Боссе,Боссе
598,Ипе,Ипе
601,(лак),(лак)
605,"Ноче Классик","Ноче Классик"
606,Мербау,Мербау
600,(лак),(лак)
610,Махагон,Махагон
612,заказ,заказ
611,заказ,заказ
613,заказ,заказ
614,заказ,заказ
615,заказ,заказ
617,(рулон),(рулон)
618,"3 мм","3 мм"
616,"2 мм","2 мм"
629,паркета,паркета
630,маслом,маслом
632,"пробки (матовая)","пробки (матовая)"
634,VDP-130,VDP-130
635,P,P
633,P,P
642,200,200
639,NEW,NEW
644,MB,MB
668,Конго,Конго
660,натур,натур
669,селект,селект
674,"Дуб скальный - rovere","Дуб скальный - rovere"
670,натуральный,натуральный
675,"Дуб скальный - rovere bianco","Дуб скальный - rovere bianco"
676,"Дуб скальный - rovere nero","Дуб скальный - rovere nero"
678,"Дуб скальный - rovere olio","Дуб скальный - rovere olio"
684,Нордик,Нордик
687,Шоколад,Шоколад
685,Селект,Селект
688,Ванильный,Ванильный
694,светло-соломенный,светло-соломенный
686,Кремовый,Кремовый
695,светло-соломенный,светло-соломенный
696,"буа брют","буа брют"
697,"буа брют","буа брют"
698,темно-коричневый,темно-коричневый
700,Зимний,Зимний
701,Светлый,Светлый
699,Дуб,Дуб
703,Летний,Летний
702,Коричневый,Коричневый
705,Gringo,Gringo
707,nat,nat
708,Country,Country
761,Кумару,Кумару
778,Горная,Горная
769,селект,селект
782,Ванила,Ванила
783,Нордик,Нордик
784,Кофе,Кофе
786,Мускат,Мускат
787,Прайм,Прайм
788,Селект,Селект
785,Белый,Белый
789,Натур,Натур
791,Селект,Селект
805,Сукупира,Сукупира
809,Castle,Castle
806,Натур,Натур
810,King,King
811,Queen,Queen
814,Ypsos,Ypsos
816,Silver,Silver
817,Naturo,Naturo
815,White,White
818,Canyon,Canyon
819,Бук,Бук
820,Камбала,Камбала
821,Вишня,Вишня
822,Клен,Клен
823,Венге,Венге
826,420х70х15,420х70х15
824,420х70х15,420х70х15
828,420х70х15,420х70х15
831,"поперечный срез Nature","поперечный срез Nature"
832,"бук Nature","бук Nature"
840,"Экономи под заказ","Экономи под заказ"
833,"бук Natur","бук Natur"
839,Зебрано,Зебрано
841,"Экономи под заказ","Экономи под заказ"
842,Люкс,Люкс
843,"Люкс R-30","Люкс R-30"
844,Американский,Американский
845,Американский,Американский
884,королевский,королевский
885,золотой,золотой
888,полярный,полярный
895,прованс,прованс
894,прованс,прованс
896,прованс,прованс
897,прованс,прованс
898,прованс,прованс
886,янтарный,янтарный
916,Прованс,Прованс
915,Натур,Натур
918,Норвежский,Норвежский
924,Дуб,Дуб
917,Серый,Серый
925,Дуб,Дуб
940,600-800х100х22,600-800х100х22
948,Кофе,Кофе
950,патина,патина
963,Зебрано,Зебрано
949,Копченый,Копченый
962,Венге,Венге
964,лапачо,лапачо
966,Вишня,Вишня
965,Олива,Олива
986,Лиственница,Лиственница
985,рустик,рустик
1032,915,915
1033,918,918
1014,Бук,Бук
1036,элегантный,элегантный
1037,империал,империал
1039,благородный,благородный
1056,Ятоба,Ятоба
1058,Массарандуба,Массарандуба
1038,декоративный,декоративный
1060,Сукупира,Сукупира
1062,покрытия),покрытия)
1063,покрытия),покрытия)
1064,покрытия),покрытия)
1065,покрытия),покрытия)
1070,"1500x130x18 мм","1500x130x18 мм"
1081,Коттедж,Коттедж
1093,(Ipe),(Ipe)
1090,(Cumaru),(Cumaru)
1096,FROST,FROST
1104,Пальма,Пальма
1102,Кофе,Кофе
1105,"элеганс пропаренный","элеганс пропаренный"
1107,элеганс,элеганс
1111,Мербау,Мербау
1113,Дуссие,Дуссие
1114,(лак),(лак)
1120,Sarek,Sarek
1145,"Натур Отборн. 20* 130-150*500-2000 мм","Натур Отборн. 20* 130-150*500-2000 мм"
1146,"Натур Отборн. 20* 170*500-2000 мм","Натур Отборн. 20* 170*500-2000 мм"
1144,"Натур Отборн. 20* 120*500-2000 мм","Натур Отборн. 20* 120*500-2000 мм"
1121,Abisko,Abisko
1152,"радиал 420?70?15мм","радиал 420?70?15мм"
1147,"Натур  20* 120*500-2000 мм","Натур  20* 120*500-2000 мм"
1148,"Натур  20* 130-150*500-2000 мм","Натур  20* 130-150*500-2000 мм"
1155,Татачуба,Татачуба
1156,Татачуба,Татачуба
1159,Коттедж,Коттедж
1157,Татачуба,Татачуба
1162,Коньяк,Коньяк
1158,Натур,Натур
1177,"Клён канадский селект лак","Клён канадский селект лак"
1160,Шоколад,Шоколад
1166,Ятоба,Ятоба
1180,Eben,Eben
1185,Cognac,Cognac
1179,Тик,Тик
1178,"Вишня американский","Вишня американский"
1175,"Орех американский Натур","Орех американский Натур"
1187,"White wash","White wash"
1192,Риспетто,Риспетто
1191,Фореста,Фореста
1194,"Бьянко Миеле","Бьянко Миеле"
1174,"Орех американский Селект","Орех американский Селект"
1198,Черный,Черный
1195,"Бьянки Карамель","Бьянки Карамель"
1193,Айсберг,Айсберг
1197,Готик,Готик
1199,"Светлый орех","Светлый орех"
1200,"Темный орех","Темный орех"
1201,Ясень,Ясень
1196,Аффумикато,Аффумикато
1202,"Розовый Жемчуг","Розовый Жемчуг"
1205,Вереск,Вереск
1203,Бриз,Бриз
1204,Грей,Грей
1206,Нордик,Нордик
1231,Snow,Snow
1230,Farina,Farina
1207,Полярный,Полярный
1208,Жемчужный,Жемчужный
1228,Дуб,Дуб
1229,Дуб,Дуб
1241,Avorio,Avorio
1239,Crema,Crema
1242,Sasso,Sasso
1233,Farina,Farina
1232,американская,американская
1243,канадский,канадский
1246,Gold,Gold
1249,"Дуб лак УФ МОДУЛЬ № 11","Дуб лак УФ МОДУЛЬ № 11"
1244,селект,селект
1238,Копчёный,Копчёный
1245,Avorio,Avorio
1254,"Дуб Антик, морёный, масло OSMO МОДУЛЬ №11","Дуб Антик, морёный, масло OSMO МОДУЛЬ №11"
1252,"Дуб Антик, морёный, масло OSMO МОДУЛЬ № 11","Дуб Антик, морёный, масло OSMO МОДУЛЬ № 11"
1255,"Дуб Антик, морёный, масло Черное OSMO МОДУЛЬ № 2","Дуб Антик, морёный, масло Черное OSMO МОДУЛЬ № 2"
1253,"Дуб Антик, морёный, масло OSMO МОДУЛЬ № 2","Дуб Антик, морёный, масло OSMO МОДУЛЬ № 2"
1259,"Дуб морёный, лак УФ МОДУЛЬ № 2","Дуб морёный, лак УФ МОДУЛЬ № 2"
1260,"Дуб морёный, масло OSMO МОДУЛЬ № 3","Дуб морёный, масло OSMO МОДУЛЬ № 3"
1303,Арктика,Арктика
1305,Сад,Сад
1316,"Копченый белый","Копченый белый"
1320,Латте,Латте
1314,"Браш Селект","Браш Селект"
1323,Капучино,Капучино
1319,Антик,Антик
1321,Робусто,Робусто
1324,Милк,Милк
1326,Барокко,Барокко
1327,Сахара,Сахара
1329,Сапеле,Сапеле
1325,Белый,Белый
1347,Хони,Хони
1348,Бренди,Бренди
1333,City,City
1337,"красный Натур","красный Натур"
1346,Какао,Какао
1343,Антик,Антик
1356,Ascania,Ascania
1359,Орегон,Орегон
1360,"Французская ривьера (French Riviera)","Французская ривьера (French Riviera)"
1361,Розовый,Розовый
1380,Бук,Бук
1378,(Ясень),(Ясень)
1389,Коньячный,Коньячный
1386,Королевский,Королевский
1383,канадский,канадский
1381,Ясень,Ясень
1382,Дуб,Дуб
1379,(Дуб),(Дуб)
1385,Робусто,Робусто
1387,"Белый Шёлк","Белый Шёлк"
1384,"Копченый Белый","Копченый Белый"
1394,Шоколад,Шоколад
1388,Дымчатый,Дымчатый
1390,Термо,Термо
1408,Уран,Уран
1406,Луна,Луна
1396,Шоколад,Шоколад
1393,Американский,Американский
1395,Натур,Натур
1403,Американский,Американский
1435,"Frost НМЦ/Б","Frost НМЦ/Б"
1433,"Thunder Cloud НМБ/Б","Thunder Cloud НМБ/Б"
1432,"White Marble СЛ","White Marble СЛ"
1416,Орегон,Орегон
1407,Марс,Марс
1414,Коттедж,Коттедж
1446,"Дуб Махагон","Дуб Махагон"
1440,"Ясень Натур лак","Ясень Натур лак"
1434,"Silver Mist НМЦ/Б","Silver Mist НМЦ/Б"
1439,"Ясень Капучино","Ясень Капучино"
1441,"Ясень Селект лак","Ясень Селект лак"
1442,"Ясень Коньяк","Ясень Коньяк"
1443,"Дуб Миндаль","Дуб Миндаль"
1449,"Дуб Шампань","Дуб Шампань"
1447,"Дуб Мускат","Дуб Мускат"
1444,"Ясень Жемчужный","Ясень Жемчужный"
1445,"Дуб Бурбон","Дуб Бурбон"
1453,"Ясень Шоколад","Ясень Шоколад"
1452,"Ясень Натур лак","Ясень Натур лак"
1454,"Ясень кофе","Ясень кофе"
1451,"Дуб Капучино","Дуб Капучино"
1456,"Дуб Экстра","Дуб Экстра"
1461,"Копченый белый","Копченый белый"
1458,Жемчуг,Жемчуг
1460,Арктик,Арктик
1468,"Дуб Ebony Brush","Дуб Ebony Brush"
1465,"Ясень Village","Ясень Village"
1467,"Дуб Antique","Дуб Antique"
1462,Серебро,Серебро
1477,"Дуб Ebony Pores","Дуб Ebony Pores"
1478,"Дуб Antique  UV-Oil","Дуб Antique  UV-Oil"
1482,"Леванте (LEVANTE)","Леванте (LEVANTE)"
1487,"Бора (BORA)","Бора (BORA)"
1494,"Калима (CALIMA)","Калима (CALIMA)"
1488,"Калима (CALIMA)","Калима (CALIMA)"
1505,Espresso,Espresso
1503,Mocca,Mocca
1500,Bianco,Bianco
1509,"Marzipan Muffin","Marzipan Muffin"
1504,Honey,Honey
1508,"Banana Song","Banana Song"
1510,Cappucino,Cappucino
1515,"Black Pepper","Black Pepper"
1519,Select,Select
1530,"Shadow Grey","Shadow Grey"
1532,"Aged Stonewashed Ivory","Aged Stonewashed Ivory"
1520,"Ivory Stonewashed","Ivory Stonewashed"
1526,"Select Matt","Select Matt"
1522,Natur,Natur
1518,Antique,Antique
1533,"Promenade Grey","Promenade Grey"
1538,"Дуб Вайт","Дуб Вайт"
1540,"Дуб селект Браш","Дуб селект Браш"
1536,"Ясень Арктик","Ясень Арктик"
1535,"Дуб Арктик","Дуб Арктик"
1544,"Дуб Антик Блэк","Дуб Антик Блэк"
1543,"Дуб Экспрешен","Дуб Экспрешен"
1542,"Дуб Коттедж","Дуб Коттедж"
1537,"Ясень Айс","Ясень Айс"
1541,"Дуб Коньяк","Дуб Коньяк"
1539,"Дуб Селект","Дуб Селект"
1558,"Allegro матовый лак","Allegro матовый лак"
1568,"Графит / Graphite","Графит / Graphite"
1567,"Vivo лак","Vivo лак"
1547,Дуссие,Дуссие
1548,"Орех Американский","Орех Американский"
1564,"Finale  масло NaturalPlus","Finale  масло NaturalPlus"
1571,"Терракота / Terracotta","Терракота / Terracotta"
1569,"Нормандский бриз(Norman breeze)","Нормандский бриз(Norman breeze)"
1572,"Френч эстейт / French Estate","Френч эстейт / French Estate"
1576,"Серый кашемир / Grey Cashmere","Серый кашемир / Grey Cashmere"
1573,"Антик белый / Antique white","Антик белый / Antique white"
1579,"Орех / Chestnut","Орех / Chestnut"
1582,"Шамбор / Chambord","Шамбор / Chambord"
1581,"Молочный шоколад / Milk chocolate","Молочный шоколад / Milk chocolate"
1578,"Натуральный / Natural","Натуральный / Natural"
1580,"Бразильский орех / Walnut","Бразильский орех / Walnut"
1589,Мербау,Мербау
1583,"Пастель / Pastel","Пастель / Pastel"
1604,"Choco 70%","Choco 70%"
1595,"орех прайм","орех прайм"
1602,"прайм термо","прайм термо"
1593,Мербау,Мербау
1597,Ятоба,Ятоба
1605,"Choco 100%","Choco 100%"
1611,Polar,Polar
1608,Gray,Gray
1615,Antarctis,Antarctis
1606,Cream,Cream
1614,White,White
1613,Tundra,Tundra
1620,Cognac,Cognac
1622,Eben,Eben
1621,Eben,Eben
1616,Antique,Antique
1617,Arctic,Arctic
1626,"Ясень Мокко ТЕРМО","Ясень Мокко ТЕРМО"
1624,"Дуб Шоколад","Дуб Шоколад"
1627,"Дуб Какао ТЕРМО","Дуб Какао ТЕРМО"
1628,"Дуб Коньяк Рустик","Дуб Коньяк Рустик"
1633,"Дуб Натуральный рустик","Дуб Натуральный рустик"
1641,"Ясень Крем белый","Ясень Крем белый"
1654,Селект,Селект
1668,Угольный,Угольный
1663,"Дуб Белая ночь","Дуб Белая ночь"
1662,"Дуб Натур масло","Дуб Натур масло"
1653,пропаренный,пропаренный
1661,"Дуб Натур лак","Дуб Натур лак"
1664,"Дуб Арктик","Дуб Арктик"
1671,"Бразильский орех (Walnut)","Бразильский орех (Walnut)"
1673,"Белый иней (White Frost)","Белый иней (White Frost)"
1670,"Орех (Chestnut)","Орех (Chestnut)"
1666,"Дуб Селект","Дуб Селект"
1669,"Бразильский орех","Бразильский орех"
1667,"Дуб Селект","Дуб Селект"
1689,Lumi,Lumi
1672,"Тёмный шоколад (Dark chocolate)","Тёмный шоколад (Dark chocolate)"
1676,"Натуральный (Natural)","Натуральный (Natural)"
1681,"Andante Live Pure","Andante Live Pure"
1687,Classic,Classic
1675,Натуральный,Натуральный
1705,"сатиновый лак","сатиновый лак"
1710,"сатиновый лак","сатиновый лак"
1701,"Сатиновый лак","Сатиновый лак"
1712,масло,масло
1706,масло,масло
1709,"Сатиновый лак","Сатиновый лак"
1727,"американский Andante матовый лак","американский Andante матовый лак"
1720,"Орех американский City","Орех американский City"
1726,"американский Andante Сатиновый лак","американский Andante Сатиновый лак"
1734,"Орех Прайм","Орех Прайм"
1724,Select,Select
1737,"Слегка копчёный","Слегка копчёный"
1742,Avorio,Avorio
1739,орех,орех
1738,орех,орех
1740,Дуб,Дуб
1744,"Дуб Verona","Дуб Verona"
1747,Sasso,Sasso
1748,Канадский,Канадский
1743,Копчёный,Копчёный
1750,канадский,канадский
1752,Avorio,Avorio
1753,пропаренная,пропаренная
1754,Ятоба,Ятоба
1749,Копчёный,Копчёный
1751,Дуб,Дуб
1755,Дуссия,Дуссия
1761,"Ясень Айс","Ясень Айс"
1756,"Слегка копчёный","Слегка копчёный"
1759,"Дуб Арктик","Дуб Арктик"
1757,американский,американский
1767,"Дуб Ванилла","Дуб Ванилла"
1764,"Дуб Бренди","Дуб Бренди"
1760,"Дуб Антик Блэк","Дуб Антик Блэк"
1763,"Дуб Прованс","Дуб Прованс"
1766,"Ясень Орех","Ясень Орех"
1770,Мербау,Мербау
1777,"Нормандский бриз(Norman breeze)","Нормандский бриз(Norman breeze)"
1768,"Дуб Экспрешен","Дуб Экспрешен"
1785,"Ванильный / Vanilla","Ванильный / Vanilla"
1769,Сапели,Сапели
1771,"Орех американский","Орех американский"
1772,Тик,Тик
1783,"Орех / Chestnut","Орех / Chestnut"
1786,"Бразильский орех / Walnut","Бразильский орех / Walnut"
1787,"Натуральный / Natural","Натуральный / Natural"
1796,Termo,Termo
1795,Champagne,Champagne
1797,Копченый,Копченый
1800,"Дуб Серый 2, лак УФ","Дуб Серый 2, лак УФ"
1799,"Дуб Натуральный, лак УФ","Дуб Натуральный, лак УФ"
1801,"Дуб Белый, лак УФ","Дуб Белый, лак УФ"
1808,"Дуб Копченый, натуральное масло OSMO","Дуб Копченый, натуральное масло OSMO"
1802,"Дуб Серый 2, масло УФ","Дуб Серый 2, масло УФ"
1807,"Дуб Копченый, чёрное масло OSMO","Дуб Копченый, чёрное масло OSMO"
1811,"Дуб Белый, патина Белая, лак УФ","Дуб Белый, патина Белая, лак УФ"
1812,"Дуб Белый, патина белая, масло УФ","Дуб Белый, патина белая, масло УФ"
1854,Ванильный,Ванильный
1855,Натуральный,Натуральный
1860,Андорра,Андорра
1857,Беленый,Беленый
1863,Янтарный,Янтарный
1859,"Светлый орех","Светлый орех"
1856,Ванильный,Ванильный
1858,Коньяк,Коньяк
1864,"Ноче Классик","Ноче Классик"
1867,"Креме ди Маре","Креме ди Маре"
1866,Аффумикато,Аффумикато
1865,"Белый Шелк","Белый Шелк"
1861,"Бьянки Карамель","Бьянки Карамель"
1862,Старинный,Старинный
1868,Вереск,Вереск
1870,Полярный,Полярный
1872,Жемчужный,Жемчужный
1873,"Ноче Олд","Ноче Олд"
1869,Нордик,Нордик
1871,Кофе,Кофе
1874,Морроне,Морроне
1877,Айсберг,Айсберг
1876,Морденте,Морденте
1875,Арктик,Арктик
1895,Мурано,Мурано
1892,"Укладка Палуба","Укладка Палуба"
1893,"Укладка Палуба","Укладка Палуба"
1896,Милан,Милан
1894,Палермо,Палермо
1897,Флоренция,Флоренция
1898,Тоскано,Тоскано
1899,Кьянти,Кьянти
1901,Сицилия,Сицилия
1902,Барселона,Барселона
1900,Неаполь,Неаполь
1903,Валенсия,Валенсия
1910,Капри,Капри
1909,Мадрид,Мадрид
1908,Толедо,Толедо
1905,Витория,Витория
1907,Аликанте,Аликанте
1904,Гранада,Гранада
1906,Мурсия,Мурсия
1918,"дуб Умеренно-коричневый","дуб Умеренно-коричневый"
1919,"дуб Вороненая сталь","дуб Вороненая сталь"
1921,"дуб Затмение","дуб Затмение"
1920,"дуб Выбеленный","дуб Выбеленный"
1925,"дуб Натуральный","дуб Натуральный"
1927,"дуб Тень","дуб Тень"
1930,Coral,Coral
1924,"дуб Медовый","дуб Медовый"
1926,"дуб Мистически Коричневый","дуб Мистически Коричневый"
1928,"дуб Шоколад","дуб Шоколад"
1931,Sand,Sand
1935,Pearl,Pearl
1933,Traditional,Traditional
1953,Ристретто,Ристретто
1936,"Traditional белый","Traditional белый"
1932,Nature,Nature
1934,Antique,Antique
1960,Сен-Бернар,Сен-Бернар
1938,Coral,Coral
1939,"Stonewashed Old Grey","Stonewashed Old Grey"
1962,Маттерхорн,Маттерхорн
1959,Пинью,Пинью
1937,Sand,Sand
1967,Невшатель,Невшатель
1963,Люциария,Люциария
1961,Эдельвейс,Эдельвейс
1965,Глетчер,Глетчер
1966,Карбаро,Карбаро
1964,Амаретто,Амаретто
1968,Пилатус,Пилатус
1957,Маджоре,Маджоре
1970,Шварцбрюке,Шварцбрюке
1969,Романдия,Романдия
1987,"Дуб Dante","Дуб Dante"
1986,"Дуб Notte","Дуб Notte"
1989,"Дуб Monte","Дуб Monte"
1985,"Дуб Monaco","Дуб Monaco"
1992,"Дуб Sole","Дуб Sole"
1990,"Дуб Luna","Дуб Luna"
1988,"Дуб Bruno","Дуб Bruno"
2006,Калахари,Калахари
1993,"Дуб Fresco","Дуб Fresco"
1995,Афзелия,Афзелия
1991,"Дуб Carta","Дуб Carta"
1996,Ипе,Ипе
1997,Венге,Венге
2012,Конго,Конго
2020,Маренго,Маренго
2011,Мускат,Мускат
2010,Айсберг,Айсберг
2008,Кофе,Кофе
2016,Натур,Натур
2027,Палермо,Палермо
2024,Миндаль,Миндаль
2026,Сицилия,Сицилия
2025,Неаполь,Неаполь
2022,Каштан,Каштан
2029,Верона,Верона
2037,Мурсия,Мурсия
2036,Витория,Витория
2044,"Ясень Капучино","Ясень Капучино"
2043,"Ясень Слоновая кость","Ясень Слоновая кость"
2049,"Орех / Chestnut","Орех / Chestnut"
2056,"Красный Натуральный","Красный Натуральный"
2048,"Пастель / Pastel","Пастель / Pastel"
2051,"Ванильный / Vanilla","Ванильный / Vanilla"
2047,"Молочный шоколад / Milk chocolate","Молочный шоколад / Milk chocolate"
2057,"Ясень натур","Ясень натур"
2058,"Белый натур","Белый натур"
2069,"Красный Мистически коричневый","Красный Мистически коричневый"
2067,"Красный Тень","Красный Тень"
2066,"Твердый Клен Тень","Твердый Клен Тень"
2070,"Красный  Затмение","Красный  Затмение"
2063,"Твердый Клен Арабика","Твердый Клен Арабика"
2072,Терракота,Терракота
2071,"Френч эстейт","Френч эстейт"
2076,"Антик белый","Антик белый"
2077,"Бразильский орех","Бразильский орех"
2073,Орех,Орех
2078,Орех,Орех
2075,Натуральный,Натуральный
2082,"Белый мрамор","Белый мрамор"
2080,Мускат,Мускат
2085,"Французский гобелен","Французский гобелен"
2079,Натуральный,Натуральный
2083,Графит,Графит
2081,янтарный,янтарный
2084,"Античная патина","Античная патина"
2087,"серый кашемир","серый кашемир"
2088,Шамбор,Шамбор
2089,Пастель,Пастель
2086,Терра,Терра
2091,"Лунный свет","Лунный свет"
2093,Аваланж,Аваланж
2090,Комо,Комо
2095,Угольный,Угольный
2092,Жемчужный,Жемчужный
2096,"Бразильский орех","Бразильский орех"
2098,Розовый,Розовый
2104,Мокка,Мокка
2101,"Бразильский орех","Бразильский орех"
2097,Орех,Орех
2103,Натуральный,Натуральный
2105,"Французская ривьера (French Riviera)","Французская ривьера (French Riviera)"
2107,"Серый Кашемир","Серый Кашемир"
2108,Шабо,Шабо
2106,"Белый  иней","Белый  иней"
2100,"Антик белый","Антик белый"
2102,Орех,Орех
2110,Карамельный,Карамельный
2109,"Лунный свет","Лунный свет"
2112,натур,натур
2130,Мадрид,Мадрид
2111,"Лунный свет","Лунный свет"
2125,Тик,Тик
2127,Аликанте,Аликанте
2135,Ристретто,Ристретто
2134,Вербье,Вербье
2129,Капри,Капри
2128,Толедо,Толедо
2136,Смокед,Смокед
2138,Лейкербад,Лейкербад
2137,Андерматт,Андерматт
2143,Эдельвейс,Эдельвейс
2139,Маджоре,Маджоре
2142,Сен-Бернар,Сен-Бернар
2141,Пиньо,Пиньо
2144,Маттерхорн,Маттерхорн
2145,Люциария,Люциария
2140,Мюррен,Мюррен
2146,Амаретто,Амаретто
2151,Романдия,Романдия
2149,Невшатель,Невшатель
2148,Карбаро,Карбаро
2147,Глетчер,Глетчер
2152,Шварцбрюке,Шварцбрюке
2153,Амарант,Амарант
2158,палуба,палуба
2161,Кумару,Кумару
2172,"Дуб Бренди браш","Дуб Бренди браш"
2159,Сапеле,Сапеле
2165,"(Бразильский тик)","(Бразильский тик)"
2163,Орех,Орех
2162,"дуб селект","дуб селект"
2160,дерево,дерево
2179,"Дуб Натур браш","Дуб Натур браш"
2178,"Дуб Милк","Дуб Милк"
2175,"Дуб Беленый браш","Дуб Беленый браш"
2176,"Дуб Коньяк браш","Дуб Коньяк браш"
2174,"Дуб Арктик","Дуб Арктик"
2182,"Дуб Клауд браш","Дуб Клауд браш"
2180,"Дуб Клауд браш","Дуб Клауд браш"
2186,"Кумару Красный","Кумару Красный"
2181,"Дуб Шоколад","Дуб Шоколад"
2184,Ипе,Ипе
2188,"Дуб Термо","Дуб Термо"
2187,"Дуб Селект","Дуб Селект"
2199,Сапеле,Сапеле
2200,Средняя,Средняя
2198,"Дуб Натур 18х120х300-1800","Дуб Натур 18х120х300-1800"
2202,Бирма,Бирма
2203,"американский селект","американский селект"
2204,Палисандр,Палисандр
2201,"американский натур","американский натур"
2211,"Дуб Carta","Дуб Carta"
2209,"Дуб Ideale","Дуб Ideale"
2205,вишня,вишня
2207,орех,орех
2208,"Дуб Notte","Дуб Notte"
2206,селект,селект
2212,"Дуб Luna","Дуб Luna"
2216,"Дуб Amore","Дуб Amore"
2214,"Дуб Monte","Дуб Monte"
2217,"Дуб Viola","Дуб Viola"
2213,"Дуб Sole","Дуб Sole"
2210,"Дуб Fresco","Дуб Fresco"
2222,"Дуб Arena","Дуб Arena"
2218,"Дуб Amigo","Дуб Amigo"
2220,"Дуб Deco","Дуб Deco"
2215,"Дуб Savoy","Дуб Savoy"
2219,"Дуб Libro","Дуб Libro"
2221,"Дуб Vento","Дуб Vento"
2225,"Дуб Stella","Дуб Stella"
2223,"Дуб Conte","Дуб Conte"
2224,"Дуб Novo","Дуб Novo"
2235,"(Лаосский Орех)","(Лаосский Орех)"
2234,Ормозия,Ормозия
2236,Балау,Балау
2266,"Дуб Бурбон, лак УФ МОДУЛЬ № 4","Дуб Бурбон, лак УФ МОДУЛЬ № 4"
2238,покрытия,покрытия
2240,американская,американская
2268,"Дуб Бурбон, цвет Баттэрскотч, лак УФ МОДУЛЬ № 2","Дуб Бурбон, цвет Баттэрскотч, лак УФ МОДУЛЬ № 2"
2267,"Дуб Бурбон, масло Черное УФ МОДУЛЬ № 3","Дуб Бурбон, масло Черное УФ МОДУЛЬ № 3"
2269,"Дуб Бурбон, цвет Баттэрскотч, лак УФ МОДУЛЬ № 2","Дуб Бурбон, цвет Баттэрскотч, лак УФ МОДУЛЬ № 2"
2346,"радиал, мербау)","радиал, мербау)"
2312,"радиал, клен, мербау, орех)","радиал, клен, мербау, орех)"
2369,"радиал, клен, мербау)","радиал, клен, мербау)"
2381,"клен, орех, венге)","клен, орех, венге)"
2374,"радиал, клен, ясень, венге)","радиал, клен, ясень, венге)"
2405,Палисандр,Палисандр
2409,"дерево (Лаосский Орех)","дерево (Лаосский Орех)"
2411,Пальма,Пальма
2404,селект,селект
2442,летний,летний
2443,крепостной,крепостной
2447,серебряный,серебряный
2414,американская,американская
2412,"под лаком","под лаком"
2445,Венге,Венге
2448,рурский,рурский
2451,ориент,ориент
2444,мореный,мореный
2454,табак,табак
?к,,
2452,крепостной,крепостной
2455,ориент,ориент
2453,рурский,рурский
2456,нордик,нордик
2459,серебряный,серебряный
2457,белый,белый
2458,речной,речной
2491,античный,античный
2498,горная,горная
2493,Шоколад,Шоколад
2460,Черный,Черный
2496,Черный,Черный
2506,Норвежский,Норвежский
2501,морёный,морёный
2502,Золотой,Золотой
2500,грецкий,грецкий
2503,Мербау,Мербау
2504,Белая,Белая
2594,Тропический,Тропический
2591,Венеция,Венеция
2595,Элегант,Элегант
2612,Летний,Летний
2505,Прованс,Прованс
2507,Серый,Серый
2598,Распиленый,Распиленый
2623,153,153
2615,122,122
2596,Песочный,Песочный
2621,414,414
2614,107,107
2618,103,103
2653,"Серый Теплый","Серый Теплый"
2633,621,621
2634,622,622
2631,619,619
2701,Мербау,Мербау
2712,Андироба,Андироба
2708,Ланж,Ланж
2713,Астория,Астория
2707,Венге,Венге
2716,Орех,Орех
2705,Дуб,Дуб
2731,"гладкая 21 x 145","гладкая 21 x 145"
2732,"гладкая 21 x 145","гладкая 21 x 145"
2728,"вельвет 21 x 145","вельвет 21 x 145"
2729,"вельвет 21 x 145","вельвет 21 x 145"
2754,Ривьера,Ривьера
2727,"гладкая 21 x 145","гладкая 21 x 145"
2756,Жемчужный,Жемчужный
2759,"Французская елка Дуб Monte","Французская елка Дуб Monte"
2755,свет,свет
2777,White,White
2804,Block,Block
2760,"Французская елка Дуб Sole","Французская елка Дуб Sole"
2835,"Corium Calabria Vaniglia","Corium Calabria Vaniglia"
2836,"Corium Calabria Cannella","Corium Calabria Cannella"
2823,Smoke,Smoke
2837,"Corium Calabria Cacao","Corium Calabria Cacao"
2839,"Corium Veneto Bistro","Corium Veneto Bistro"
2824,Vanilla,Vanilla
2840,"Corium Umbria Bianco","Corium Umbria Bianco"
2843,"Corium Calabria Verde","Corium Calabria Verde"
2838,"Corium Umbria Seppia","Corium Umbria Seppia"
2842,"Corium Umbria Ardesia","Corium Umbria Ardesia"
2844,"Corium Calabria Granata","Corium Calabria Granata"
2849,"Granorte Granorte Corium Veneto Bistro","Granorte Granorte Corium Veneto Bistro"
2848,"Granorte Granorte Corium Umbria Seppia","Granorte Granorte Corium Umbria Seppia"
2845,"Corium Calabria Marrone","Corium Calabria Marrone"
2846,"Granorte Granorte Corium Calabria Cannella","Granorte Granorte Corium Calabria Cannella"
2841,"Corium Umbria Grigio","Corium Umbria Grigio"
2851,"Granorte Granorte Corium Umbria Grigio","Granorte Granorte Corium Umbria Grigio"
2847,"Granorte Granorte Corium Calabria Cacao","Granorte Granorte Corium Calabria Cacao"
2850,"Granorte Granorte Corium Umbria Bianco","Granorte Granorte Corium Umbria Bianco"
2854,"Granorte Granorte Corium Calabria Granata","Granorte Granorte Corium Calabria Granata"
2853,"Granorte Granorte Corium Calabria Verde","Granorte Granorte Corium Calabria Verde"
2852,"Granorte Granorte Corium Umbria Ardesia","Granorte Granorte Corium Umbria Ardesia"
2855,"Granorte Granorte Corium Calabria Marrone","Granorte Granorte Corium Calabria Marrone"
2863,Бук,Бук
2866,Ясень,Ясень
2859,Бук,Бук
2858,Ясень,Ясень
2862,Ясень,Ясень
2867,Бук,Бук
2871,Бук,Бук
2864,Дуб,Дуб
2872,Дуб,Дуб
2860,Дуб,Дуб
2868,Дуб,Дуб
2884,"natur - SpringAir Elite+","natur - SpringAir Elite+"
2883,"rustic - SpringAir Elite+","rustic - SpringAir Elite+"
2870,Ясень,Ясень
2875,Бук,Бук
2874,Ясень,Ясень
2876,Дуб,Дуб
2887,"rustic - SpringAir Elite","rustic - SpringAir Elite"
2882,"rustic - SpringAir Elite+","rustic - SpringAir Elite+"
2886,"rustic - SpringAir Elite","rustic - SpringAir Elite"
2885,"unique - SpringAir Elite","unique - SpringAir Elite"
2889,"орех золото","орех золото"
2888,"natur - SpringAir Elite","natur - SpringAir Elite"
2910,"орех голубой","орех голубой"
2907,45,45
2894,золото,золото
2905,орех,орех
2902,венге,венге
2900,вишня,вишня
2913,Махагон,Махагон
2911,"орех черный","орех черный"
2916,Пепельный,Пепельный
2914,Орех,Орех
2928,11,11
2929,12,12
2933,кость,кость
2917,45,45
2930,13,13
2918,дуб,дуб
2927,10,10
2932,Белый,Белый
2938,Бежевый,Бежевый
2941,Молоко,Молоко
2931,14,14
2942,Розовый,Розовый
3024,"селект х127","селект х127"
2943,Белый,Белый
3066,Андорра,Андорра
3040,"красный х127","красный х127"
3048,красный,красный
3047,Ятоба,Ятоба
3065,Арктик,Арктик
3029,х190,х190
3071,"Серый туман","Серый туман"
3067,Старинный,Старинный
3070,Коньяк,Коньяк
3068,Янтарный,Янтарный
3051,Сукупира,Сукупира
3053,дерево,дерево
3069,"Белый Шелк","Белый Шелк"
3073,"Серое затмение","Серое затмение"
3072,"Громовое облако","Громовое облако"
3076,Иней,Иней
3075,Ванильный,Ванильный
3074,Кофе,Кофе
3085,Ятоба,Ятоба
3083,Ироко,Ироко
3077,Орех,Орех
3082,Пробка,Пробка
3093,Ясень,Ясень
3080,Орех,Орех
3173,Медиум,Медиум
3121,MB,MB
3108,VDP-130,VDP-130
3088,Дуб,Дуб
3086,Тик,Тик
3090,Бук,Бук
3141,Онтарио,Онтарио
3120,580,580
3147,Каньон,Каньон
3190,Сахара,Сахара
3111,P,P
3154,Эверест,Эверест
3192,Уэльс,Уэльс
3183,Карамель,Карамель
3206,натуральный,натуральный
3146,Бразильский,Бразильский
3200,дымчатый,дымчатый
3197,натуральный,натуральный
3209,Ятоба,Ятоба
3210,Мербау,Мербау
3213,селект,селект
3222,Мербау,Мербау
3214,натуральный,натуральный
3202,натуральный,натуральный
3247,Аляска,Аляска
3245,Мускат,Мускат
3242,Карамель,Карамель
3254,золото,золото
3243,Серый,Серый
3253,золото,золото
3252,темно-коричневый,темно-коричневый
3250,рустик,рустик
3260,светло-серый,светло-серый
3256,крем,крем
3246,Арктик,Арктик
3257,белый,белый
3259,светло-серый,светло-серый
3261,каннель,каннель
3263,серый,серый
3262,каннель,каннель
3258,белый,белый
3264,серый,серый
3268,серый,серый
3273,Винтаж,Винтаж
3265,коричневый,коричневый
3270,антик,антик
3267,серый,серый
3274,Сосна,Сосна
3278,Летний,Летний
3269,антик,антик
3276,Северный,Северный
3272,Распил,Распил
3275,Дворцовый,Дворцовый
3283,cream,cream
3341,"черный бриллиант строганный селект","черный бриллиант строганный селект"
3277,Груша,Груша
3280,Ясень,Ясень
3342,"черный бриллиант строганный селект","черный бриллиант строганный селект"
3287,caf?,caf?
3285,cream,cream
3369,Бирма,Бирма
3282,D,D
3352,селект,селект
3363,Антик,Антик
3362,Черный,Черный
3365,Сильвер,Сильвер
3361,Шоколад,Шоколад
3366,Грей,Грей
3374,Натур,Натур
3371,Натур,Натур
3379,Ормозия,Ормозия
3370,Американский,Американский
3403,Панга-панга,Панга-панга
3396,Падук,Падук
3391,Queen,Queen
3400,Queen,Queen
3392,Мербау,Мербау
3266,коричневый,коричневый
3413,Rock,Rock
3421,Ypsos,Ypsos
3405,King,King
3412,Balmoral,Balmoral
3411,Brasil,Brasil
3404,дерево,дерево
3424,Naturo,Naturo
3428,Balmoral,Balmoral
3427,Brasil,Brasil
3425,Canyon,Canyon
3420,Country,Country
3422,White,White
3429,Камбала,Камбала
3430,Махагон,Махагон
3434,натур,натур
3423,Silver,Silver
3432,Орех,Орех
3433,Бук,Бук
3456,Fineline,Fineline
3446,дымчатый,дымчатый
3431,Вишня,Вишня
3438,натур,натур
3442,структур,структур
3444,рустик,рустик
3463,"американский Nature","американский Nature"
3466,промышленный,промышленный
3449,420х70х15,420х70х15
3476,18х125х900,18х125х900
3461,Living,Living
3485,Люкс,Люкс
3488,R-55,R-55
3489,R-53,R-53
3495,Люкс,Люкс
3490,Люкс,Люкс
3486,Стандарт,Стандарт
3468,черный,черный
3493,"R-30 Люкс","R-30 Люкс"
3496,R-55,R-55
3494,"R-30 Люкс","R-30 Люкс"
3492,Люкс,Люкс
3501,люкс,люкс
3497,Люкс,Люкс
3499,R-40,R-40
3498,R-53,R-53
3553,зенит,зенит
3502,"R-30 Люкс","R-30 Люкс"
3503,Люкс,Люкс
3521,"1200х123х18 мм","1200х123х18 мм"
3567,Зенит,Зенит
3568,Норд-Вест,Норд-Вест
3565,Кофейный,Кофейный
3561,Бордо,Бордо
3560,Сахара,Сахара
3564,американский,американский
3586,Sole,Sole
3595,Серебряный,Серебряный
3653,"Натур 600-800х100х22","Натур 600-800х100х22"
3569,Норд-Ист,Норд-Ист
3584,Carta,Carta
3583,прованс,прованс
3669,"селект  без покрытия  20х137х1473/1973  мм","селект  без покрытия  20х137х1473/1973  мм"
3655,600-800х100х22,600-800х100х22
3681,"рустик масло 20х137х1473/1973 мм","рустик масло 20х137х1473/1973 мм"
3620,Мербау,Мербау
3621,Золотой,Золотой
3616,Белая,Белая
3679,"селект масло 20х137х1473/1973 мм","селект масло 20х137х1473/1973 мм"
3682,"селект масло 20х167х1473/1973 мм","селект масло 20х167х1473/1973 мм"
3684,"рустик масло 20х167х1473/1973 мм","рустик масло 20х167х1473/1973 мм"
3680,"натур масло 20х137х1473/1973 мм","натур масло 20х137х1473/1973 мм"
3658,Натур,Натур
3652,Тик,Тик
3683,"натур  масло 20х167х1473/1973 мм","натур  масло 20х167х1473/1973 мм"
3702,туман,туман
3696,Стори,Стори
3690,орех,орех
3687,Натур,Натур
3700,Ванильный,Ванильный
3727,Табако,Табако
3720,Афромозия,Афромозия
3695,Антик,Антик
3724,Сукупира,Сукупира
3728,Орех,Орех
3699,Селект,Селект
3926,U-860,U-860
3896,Эвкалипт,Эвкалипт
3729,Афзелия,Афзелия
3773,Палисандр,Палисандр
3726,Тик,Тик
3772,натуральный,натуральный
3929,U-865,U-865
3927,U-861,U-861
3928,U-863,U-863
3930,U-866,U-866
3899,антик,антик
3858,Вишня,Вишня
3933,U-918,U-918
3931,U-896,U-896
3934,U-995,U-995
3936,"дуба винтаж U-1001","дуба винтаж U-1001"
3935,U-996,U-996
3932,U-915,U-915
3938,008,008
3985,"УФ-фильтром 420 - 0,75л","УФ-фильтром 420 - 0,75л"
3959,"Fruit'N'Flower - Розовое дерево","Fruit'N'Flower - Розовое дерево"
3944,шоколадный,шоколадный
3942,королевский,королевский
3943,светлый,светлый
3996,Тайгервуд,Тайгервуд
3987,"воском ЦВЕТНОЕ 0,75","воском ЦВЕТНОЕ 0,75"
3991,Oil,Oil
4002,покрытия,покрытия
3989,"древесины 0,75","древесины 0,75"
3978,древесины,древесины
3999,покрытия),покрытия)
4009,"1200x120x22 мм","1200x120x22 мм"
4035,18х120х400-1200мм,18х120х400-1200мм
4010,"1500x130x18 мм","1500x130x18 мм"
4004,покрытия,покрытия
4005,покрытия,покрытия
4012,"1500x150x18 мм","1500x150x18 мм"
4037,"18x127x400-1200 Ф1,0x4 лак","18x127x400-1200 Ф1,0x4 лак"
4019,"1500x150x18 мм","1500x150x18 мм"
4038,"18x127x400-1200 Ф1,0x4 лак","18x127x400-1200 Ф1,0x4 лак"
4064,Natur,Natur
4057,Select,Select
4072,(Тауари),(Тауари)
4070,орех,орех
4074,дерево,дерево
4071,дерево,дерево
4069,тик,тик
4045,Арктик,Арктик
4075,(Cumaru),(Cumaru)
4091,MIST,MIST
4090,SHADOW,SHADOW
4099,Дуссие,Дуссие
4098,Тик,Тик
4097,3-полосный,3-полосный
4107,азиатский,азиатский
4109,азиатский,азиатский
4106,американский,американский
4104,Ироко,Ироко
4103,американская,американская
4101,Венге,Венге
4111,Пальма,Пальма
4110,американский,американский
4119,элеганс,элеганс
4108,Венге,Венге
4112,Тик,Тик
4115,Дуссия,Дуссия
4128,"элеганс масло белое","элеганс масло белое"
4129,"элеганс планк","элеганс планк"
4113,канадский,канадский
4125,классик,классик
4116,Ироко,Ироко
4124,классик,классик
4133,элеганс,элеганс
4139,(лак),(лак)
4131,"элеганс планк масло","элеганс планк масло"
4168,Sarek,Sarek
4175,Tilja,Tilja
4127,элеганс,элеганс
4198,"Классик 20* 120*500-2000 мм","Классик 20* 120*500-2000 мм"
4179,Abisko,Abisko
4197,"Натур  20* 170*500-2000 мм","Натур  20* 170*500-2000 мм"
4200,"Классик 20* 170*500-2000 мм","Классик 20* 170*500-2000 мм"
4144,Дуссие,Дуссие
4188,Арктик,Арктик
4203,"Рустик 20* 170*500-2000 мм","Рустик 20* 170*500-2000 мм"
4202,"Рустик 20* 130-150*500-2000 мм","Рустик 20* 130-150*500-2000 мм"
4199,"Классик 20* 130-150*500-2000 мм","Классик 20* 130-150*500-2000 мм"
4201,"Рустик  20* 120*500-2000 мм","Рустик  20* 120*500-2000 мм"
4143,Дуссие,Дуссие
4142,Мербау,Мербау
4211,"Натур Отборн. 20* 120*500-2000 мм","Натур Отборн. 20* 120*500-2000 мм"
4208,натур,натур
4205,натур,натур
4206,рустик,рустик
4204,селект,селект
4209,рустик,рустик
4215,"Натур  20* 130-150*500-2000 мм","Натур  20* 130-150*500-2000 мм"
4238,Стори,Стори
4212,"Натур Отборн. 20* 130-150*500-2000 мм","Натур Отборн. 20* 130-150*500-2000 мм"
4213,"Натур Отборн. 20* 170*500-2000 мм","Натур Отборн. 20* 170*500-2000 мм"
4210,селект,селект
4207,селект,селект
4224,"селект D 420?70?15мм","селект D 420?70?15мм"
4223,"селект M 420?70?15мм","селект M 420?70?15мм"
4214,"Натур  20* 120*500-2000 мм","Натур  20* 120*500-2000 мм"
4242,Черно-белый,Черно-белый
4243,состаренный,состаренный
4240,Арктик,Арктик
4249,Неаполь,Неаполь
4236,антик,антик
4273,"Бирманский тик","Бирманский тик"
4246,Карамель,Карамель
4241,Серый,Серый
4285,"Иней с серебрянной патиной","Иней с серебрянной патиной"
4284,"Крема ди Маре","Крема ди Маре"
4245,ночь,ночь
4292,Deserto,Deserto
4294,Дуссия,Дуссия
4247,Мокко,Мокко
4302,пропаренная,пропаренная
4300,вишня,вишня
4244,Селект,Селект
4295,Сукупира,Сукупира
4331,"Silver Mist НМЦ/Б","Silver Mist НМЦ/Б"
4328,"Nature Marble 14мм МЛБ 3.0 м2/уп","Nature Marble 14мм МЛБ 3.0 м2/уп"
4330,"Thunder Cloud НМБ/Б","Thunder Cloud НМБ/Б"
4299,Сукупира,Сукупира
4320,Ванильный,Ванильный
4296,White,White
4334,"Frost НМЦ/Б","Frost НМЦ/Б"
4301,орех,орех
4338,Термо,Термо
4339,Термо,Термо
4340,Селект,Селект
4342,Дымчатый,Дымчатый
4344,Табачный,Табачный
4343,Арктик,Арктик
4345,Белёный,Белёный
4347,"Розовый жемчуг","Розовый жемчуг"
4349,Коттедж,Коттедж
4341,Кофе,Кофе
4362,Ascania,Ascania
4352,"Копченый белый","Копченый белый"
4350,Мореный,Мореный
4361,Coffee,Coffee
4348,Сахара,Сахара
4351,Серебро,Серебро
4391,"Story Brashed New Arctic","Story Brashed New Arctic"
4378,"Marzipan Muffin","Marzipan Muffin"
4380,"Banana Song","Banana Song"
4370,Almond,Almond
4379,Cappuccino,Cappuccino
4368,Ivory,Ivory
4405,"138 Natur","138 Natur"
4403,"Aged Stonewashed Ivory","Aged Stonewashed Ivory"
4407,"138 Natur Matt","138 Natur Matt"
4404,"138 Country","138 Country"
4394,"Story Brashed New Arctic","Story Brashed New Arctic"
4410,Story,Story
4411,"Electric Light","Electric Light"
4430,"Smoked Truffle","Smoked Truffle"
4413,Sugar,Sugar
4428,"Smoked Almond","Smoked Almond"
4439,"Concerte Grey","Concerte Grey"
4433,"full plank Black Pepper","full plank Black Pepper"
4419,Oregano,Oregano
4452,"Vivo масло","Vivo масло"
4409,"188 Natur","188 Natur"
4490,"натур масло","натур масло"
4454,"Andante матовый лак","Andante матовый лак"
4488,"натур лак","натур лак"
4492,"дымчатый лак","дымчатый лак"
4408,"138 Story","138 Story"
4494,Arizona,Arizona
4493,"дымчатый масло","дымчатый масло"
4489,"белый лак","белый лак"
4491,"белый масло","белый масло"
4496,"белый Animoso  лак","белый Animoso  лак"
4495,"Animoso матовый лак","Animoso матовый лак"
4501,"Andante матовый лак","Andante матовый лак"
4498,"белый Animoso масло","белый Animoso масло"
4497,"Animoso масло","Animoso масло"
4500,"Old Grey","Old Grey"
4502,"белый Andante лак","белый Andante лак"
4509,"Andante масло, браш","Andante масло, браш"
4505,"белый Andante масло","белый Andante масло"
4504,"Andante масло","Andante масло"
4506,Sand,Sand
4503,Pearl,Pearl
4508,Graphite,Graphite
4513,"орех Animoso лак","орех Animoso лак"
4510,Lava,Lava
4514,"орех Andante лак","орех Andante лак"
4511,Stone,Stone
4512,"копченый масло","копченый масло"
4515,"орех Andante масло","орех Andante масло"
4526,"белый Animoso масло","белый Animoso масло"
4519,"Vivo масло","Vivo масло"
4523,"Andante матовый лак","Andante матовый лак"
4528,"Toscana матовый лак","Toscana матовый лак"
4525,"Animoso Масло","Animoso Масло"
4534,"Andante масло, браш","Andante масло, браш"
4529,"Cordoba матовый лак","Cordoba матовый лак"
4530,"Arizona матовый лак","Arizona матовый лак"
4531,"белый Andante матовый лак","белый Andante матовый лак"
4527,"Animoso Матовый лак","Animoso Матовый лак"
4532,"Andante масло","Andante масло"
4533,"белый Andante масло","белый Andante масло"
4538,"белый andante матовый лак","белый andante матовый лак"
4537,"Polar матовый лак","Polar матовый лак"
4552,Барселона,Барселона
4535,"белый Andante матовый лак","белый Andante матовый лак"
4536,"Noir сатиновый лак","Noir сатиновый лак"
4555,Марсель,Марсель
4558,Вена,Вена
4554,"Старая Венеция","Старая Венеция"
4559,"Мокка (Mocca)","Мокка (Mocca)"
4563,"Венге (Wenge)","Венге (Wenge)"
4562,"Лунный свет (Moonlight)","Лунный свет (Moonlight)"
4565,Берген,Берген
4608,"Верона матовый лак (Европейская коллекция)","Верона матовый лак (Европейская коллекция)"
4641,"Antique масло/лак","Antique масло/лак"
4646,"Antique масло/лак","Antique масло/лак"
4574,"Дуб Нордик","Дуб Нордик"
4568,Скандинавский,Скандинавский
4672,"Каньон Светлый","Каньон Светлый"
4655,"Cream масло/лак","Cream масло/лак"
4673,Изящная,Изящная
4698,"Американский Орех Светлый","Американский Орех Светлый"
4688,"Орех американский City","Орех американский City"
4685,х170,х170
4695,традишинал,традишинал
4689,"американский Натур","американский Натур"
4699,"Американский Орех Тёмный","Американский Орех Тёмный"
4710,"Дуб Бурбон белая патина, лак УФ","Дуб Бурбон белая патина, лак УФ"
4709,"Дуб Бурбон Беттерскотч, лак УФ","Дуб Бурбон Беттерскотч, лак УФ"
4716,"Дуб Тюдор СВ Натуральный, масло УФ","Дуб Тюдор СВ Натуральный, масло УФ"
4721,"Дуб Тюдор СВ Серый, масло УФ","Дуб Тюдор СВ Серый, масло УФ"
4726,"Дуб Тюдор ТМ натуральный, лак УФ","Дуб Тюдор ТМ натуральный, лак УФ"
4725,"Дуб Тюдор ТМ натуральный, масло УФ","Дуб Тюдор ТМ натуральный, масло УФ"
4742,Шабо,Шабо
4745,"Серый кашемир / Grey Cashmere","Серый кашемир / Grey Cashmere"
4748,"Белый Иней  / White Frost","Белый Иней  / White Frost"
4753,"Орех Селект","Орех Селект"
4752,"Орех Натур","Орех Натур"
4780,"Дуб Amore","Дуб Amore"
4778,"Дуб Ideale","Дуб Ideale"
4779,"Дуб Натуральный","Дуб Натуральный"
4781,"Дуб Viola","Дуб Viola"
4784,"Дуб Amigo","Дуб Amigo"
4782,"Дуб Savoy","Дуб Savoy"
4785,"Дуб Deco","Дуб Deco"
4783,"Дуб Libro","Дуб Libro"
4786,"Дуб Vento","Дуб Vento"
4789,"Дуб Conte","Дуб Conte"
4787,"Дуб Arena","Дуб Arena"
4788,"Дуб Novo","Дуб Novo"
4790,"Дуб Stella","Дуб Stella"
4792,"Лунный свет / Moonlight","Лунный свет / Moonlight"
4793,песочный,песочный
4796,Альбатрос,Альбатрос
4797,"Тигровый глаз","Тигровый глаз"
4794,"Каменный ручей","Каменный ручей"
4795,Шамбор,Шамбор
4798,"Лунный свет","Лунный свет"
4799,Натуральный,Натуральный
"?лая ночь""",,
4808,Мокко,Мокко
4802,Кофе,Кофе
4811,Мербау,Мербау
4822,"Дуб Terra","Дуб Terra"
4813,"Зебрано Селект","Зебрано Селект"
4818,"Дуб Bosco","Дуб Bosco"
4825,"Дуб Deserto","Дуб Deserto"
4835,"Французская елка Дуб Carta","Французская елка Дуб Carta"
4837,"Схема - 1","Схема - 1"
4839,"Схема - 7","Схема - 7"
4834,"Французская елка Дуб Luna","Французская елка Дуб Luna"
4833,"Французская елка Дуб Notte","Французская елка Дуб Notte"
4836,"Французская елка Дуб Monaco","Французская елка Дуб Monaco"
4838,"Схема - 5","Схема - 5"
4840,"Схема - 9","Схема - 9"
4841,"Схема - 8","Схема - 8"
4842,"Схема - 6","Схема - 6"
4843,"Схема - 2","Схема - 2"
4845,"Схема - 4","Схема - 4"
4848,"Схема - 3","Схема - 3"
4855,селект,селект
4854,селект,селект
4856,дерево,дерево
4857,"Махагон (Кабреува)","Махагон (Кабреува)"
4862,"вишня (ятоба)","вишня (ятоба)"
4861,"Тигровое дерево","Тигровое дерево"
4867,Лапачо,Лапачо
4866,Сукупира,Сукупира
4860,дерево,дерево
4876,"Дуб Тюдор, не осветлённый, масло Серое УФ МОДУЛЬ № 8","Дуб Тюдор, не осветлённый, масло Серое УФ МОДУЛЬ № 8"
4863,Ятоба,Ятоба
4877,"Дуб Тюдор, не осветлённый, масло Серое УФ МОДУЛЬ № 2","Дуб Тюдор, не осветлённый, масло Серое УФ МОДУЛЬ № 2"
4864,Ятоба,Ятоба
4873,х170,х170
5067,414,414
5065,447,447
5068,621,621
5066,103,103
5072,447,447
5069,619,619
5070,622,622
5155,грецкий,грецкий
5160,Песчаник,Песчаник
5152,Орех,Орех
5197,Platinum,Platinum
5173,Expression,Expression
5187,Nobel,Nobel
5182,Element,Element
5174,Split,Split
5171,орех,орех
5207,Siena,Siena
5206,Blanc,Blanc
5193,Caramel,Caramel
5205,Pearl,Pearl
5215,Sand,Sand
5201,Antique,Antique
5377,Зебрано,Зебрано
5396,Махагон,Махагон
5361,Махагон,Махагон
5211,дерево,дерево
5397,Махагон,Махагон
5403,Select,Select
5407,"Тик (Индонезия)","Тик (Индонезия)"
5381,"дымчатый натур","дымчатый натур"
5408,"Тик (Бирма)","Тик (Бирма)"
5424,"Орех Премиум","Орех Премиум"
5404,Select,Select
5415,вишня,вишня
5440,"Элегант Палуба","Элегант Палуба"
5425,"Орех Премиум","Орех Премиум"
5446,"американская Andante масло","американская Andante масло"
5428,"Американский Селект","Американский Селект"
5426,"Орех Американский Натур","Орех Американский Натур"
5427,"Американский Натур","Американский Натур"
5454,"планка 2V (L0305-01774)","планка 2V (L0305-01774)"
5445,"американская Andante лак","американская Andante лак"
5462,Ибираро,Ибираро
5453,"планка 2V (L0305-01774)","планка 2V (L0305-01774)"
5447,"Andante сатиновый лак","Andante сатиновый лак"
4363,Caramel,Caramel
1182,Cognac,Cognac
17,Тундра,Тундра
1176,"Дуб красный селект","Дуб красный селект"
1448,"Дуб Натур лак","Дуб Натур лак"
4346,Жемчуг,Жемчуг
1318,Карамель,Карамель
78,Прайм,Прайм
