8,"Ясень Коньяк","Ясень Коньяк"
7,"Дуб Карамель","Дуб Карамель"
11,"Ясень Песочный","Ясень Песочный"
12,"Дуб Коньяк","Дуб Коньяк"
13,"Дуб Ливинг","Дуб Ливинг"
15,"Дуб Коттедж","Дуб Коттедж"
23,"Wood Ясень Миндаль","Wood Ясень Миндаль"
24,"Wood Ясень Бурбон","Wood Ясень Бурбон"
25,"Wood Ясень Махагон","Wood Ясень Махагон"
26,"Wood Ясень Шампань","Wood Ясень Шампань"
27,"Wood Ясень Слоновая кость","Wood Ясень Слоновая кость"
28,"Дуб Карамель","Дуб Карамель"
29,"Дуб Кофе","Дуб Кофе"
30,"Дуб Селект","Дуб Селект"
31,"Ясень Барокко","Ясень Барокко"
32,"Ясень Сахара","Ясень Сахара"
33,"Parket Ясень Antique","Parket Ясень Antique"
34,"Parket Дуб Village(natur)","Parket Дуб Village(natur)"
35,"Parket Ясень Brendy","Parket Ясень Brendy"
36,"Parket Ясень Honey","Parket Ясень Honey"
37,"Parket Ясень Rose","Parket Ясень Rose"
39,"Дуб Хамсин (KHAMSIN)","Дуб Хамсин (KHAMSIN)"
47,"Ясень Saimaa","Ясень Saimaa"
48,"Дуб Natural","Дуб Natural"
49,"Ясень Country Vanilla Matt","Ясень Country Vanilla Matt"
51,"Дуб Oregano","Дуб Oregano"
53,"Ясень Super White","Ясень Super White"
52,"Дуб Darc Chocolate","Дуб Darc Chocolate"
54,"Дуб Grey","Дуб Grey"
56,"Вяз Elm Red","Вяз Elm Red"
57,"Вяз Elm Red","Вяз Elm Red"
58,"Bee Дуб Антик Блэк Стори","Bee Дуб Антик Блэк Стори"
60,"Bee Бамбук Натур","Bee Бамбук Натур"
59,"Bee Бамбук Кофе","Bee Бамбук Кофе"
61,"Bee Дуб Вулканик","Bee Дуб Вулканик"
62,"Bee Дуб натур Браш","Bee Дуб натур Браш"
66,"Дуб Cocoa","Дуб Cocoa"
69,"Дуб Ванильный","Дуб Ванильный"
71,"Ясень Аваланж (Avalanche)","Ясень Аваланж (Avalanche)"
70,"Дуб Антик белый (Antique white)","Дуб Антик белый (Antique white)"
72,"Дуб Орех","Дуб Орех"
80,"Дуб Прайм","Дуб Прайм"
82,"Дуб прайм термо","Дуб прайм термо"
83,"Дуб Alaska масло","Дуб Alaska масло"
86,"Дуб Carbon White","Дуб Carbon White"
88,"Wood Дуб Шоколад рустик","Wood Дуб Шоколад рустик"
89,"Wood Дуб Натуральный","Wood Дуб Натуральный"
91,"Wood Ясень Шоколад ТЕРМО","Wood Ясень Шоколад ТЕРМО"
90,"Wood Ясень Крем белый","Wood Ясень Крем белый"
94,"Ясень Тренд","Ясень Тренд"
96,"Дуб Рустик","Дуб Рустик"
95,"Дуб Натур","Дуб Натур"
104,"Орех американский","Орех американский"
108,"Дуб Миндаль","Дуб Миндаль"
111,"Дуб Кашемир","Дуб Кашемир"
112,"Дуб Айс","Дуб Айс"
119,"Floor Дуб Эбенхольц, масло УФ","Floor Дуб Эбенхольц, масло УФ"
118,"Floor Дуб Априкот, лак УФ","Floor Дуб Априкот, лак УФ"
120,"Floor Дуб Белый, масло УФ","Floor Дуб Белый, масло УФ"
121,"Floor Дуб Антик, масло УФ","Floor Дуб Антик, масло УФ"
122,"Floor Дуб Платина, лак УФ","Floor Дуб Платина, лак УФ"
123,"Дуб Леон","Дуб Леон"
125,"Дуб Севилья","Дуб Севилья"
124,"Дуб Майорка","Дуб Майорка"
126,"Дуб Верона","Дуб Верона"
127,"Дуб Венеция","Дуб Венеция"
128,"Parquet Дуб Plum (Слива)","Parquet Дуб Plum (Слива)"
129,"Parquet Дуб Cream Currant (Смородина)","Parquet Дуб Cream Currant (Смородина)"
132,"Parquet Дуб Raisins (Изюм)","Parquet Дуб Raisins (Изюм)"
130,"Parquet Дуб Pine Nut (Кедровый)","Parquet Дуб Pine Nut (Кедровый)"
131,"Parquet Дуб Peach (Персик)","Parquet Дуб Peach (Персик)"
134,"Дуб Sasso","Дуб Sasso"
135,"Дуб Farina","Дуб Farina"
136,Дуб,Дуб
138,"Канадский Твердый Клен Арабика","Канадский Твердый Клен Арабика"
137,"Дуб копчёный","Дуб копчёный"
144,"Collection Орех Американский натур(16х190)","Collection Орех Американский натур(16х190)"
143,"Collection Орех Американский натур(16х140)","Collection Орех Американский натур(16х140)"
145,"Collection Орех Американский селект(16х140)","Collection Орех Американский селект(16х140)"
146,"Collection Орех Американский селект(16х190)","Collection Орех Американский селект(16х190)"
152,"Дуб Traditional","Дуб Traditional"
150,"Дуб Тёмный Шоколад / Dark chocolate","Дуб Тёмный Шоколад / Dark chocolate"
153,"Дуб Traditional белый","Дуб Traditional белый"
154,"Дуб Pearl","Дуб Pearl"
162,Сахара,Сахара
155,"Дуб Antique","Дуб Antique"
163,Британия,Британия
156,"Дуб Stonewashed Old grey","Дуб Stonewashed Old grey"
164,Церматт,Церматт
165,"Дюфур (ясень)","Дюфур (ясень)"
167,"Верона темный","Верона темный"
166,Эльм,Эльм
169,"Верона Эстато","Верона Эстато"
170,"Верона светлый","Верона светлый"
171,"Верона Пулито","Верона Пулито"
172,"Дуб без покрытия","Дуб без покрытия"
173,Дуб,Дуб
174,Дуб,Дуб
177,Grey,Grey
175,Дуб,Дуб
179,Noce,Noce
181,"Bee Дуб Натур Браш","Bee Дуб Натур Браш"
182,"Bee Дуб Коньяк","Bee Дуб Коньяк"
183,"Bee Ясень Коньяк","Bee Ясень Коньяк"
185,"Bee Дуб Вайт","Bee Дуб Вайт"
184,"Bee Дуб Селект","Bee Дуб Селект"
191,"Floors Дуб Натуральный","Floors Дуб Натуральный"
193,"Floors Дуб Siena","Floors Дуб Siena"
194,"Floors Дуб Elba","Floors Дуб Elba"
195,"Floors Дуб Lido","Floors Дуб Lido"
186,"Орех Американский","Орех Американский"
197,"Дуб Натуральный","Дуб Натуральный"
196,Натур,Натур
198,"Дуб Ноче Олд","Дуб Ноче Олд"
199,"Дуб Марроне","Дуб Марроне"
200,"Дуб Морденте","Дуб Морденте"
201,"Дуб Милан","Дуб Милан"
202,"Дуб Мурано","Дуб Мурано"
203,"Дуб Флоренция","Дуб Флоренция"
204,"Дуб Тоскано","Дуб Тоскано"
205,"Дуб Кьянти","Дуб Кьянти"
206,"Дуб Термо","Дуб Термо"
212,"натуральный сортировка Рустик","натуральный сортировка Рустик"
214,"натуральный сортировка Натур","натуральный сортировка Натур"
216,"Дуб Молочный шоколад","Дуб Молочный шоколад"
217,"Ясень Мокка / Mocca","Ясень Мокка / Mocca"
218,"Дуб Янтарный / Amber","Дуб Янтарный / Amber"
221,"Дуб Traditional","Дуб Traditional"
222,"Дуб Traditional белый","Дуб Traditional белый"
224,"Дуб Antique","Дуб Antique"
223,"Дуб Stonewashed Old grey","Дуб Stonewashed Old grey"
226,Сахара,Сахара
227,Британия,Британия
229,"Дюфур (ясень)","Дюфур (ясень)"
228,Церматт,Церматт
230,Эльм,Эльм
232,Селект,Селект
233,L,L
234,M,M
235,D,D
236,"Дуб Красный медовый","Дуб Красный медовый"
238,"Дуб Красный  Умеренно-коричневый","Дуб Красный  Умеренно-коричневый"
241,"Бамбук Кофе горизонтальный","Бамбук Кофе горизонтальный"
242,"Дуб Натур","Дуб Натур"
243,"Дуб Табако","Дуб Табако"
245,"Дуб Карамель","Дуб Карамель"
247,Кемпас,Кемпас
246,Мербау,Мербау
250,Ормозия,Ормозия
252,"Flooring Кофе","Flooring Кофе"
253,"Flooring Черное золото","Flooring Черное золото"
254,"Flooring Темный ром","Flooring Темный ром"
255,"Flooring Каменная волна","Flooring Каменная волна"
256,Ироко,Ироко
257,"Тигровое дерево","Тигровое дерево"
258,Ятоба,Ятоба
260,Сукупира,Сукупира
261,"Collection Кумару","Collection Кумару"
262,"Collection Сукупира","Collection Сукупира"
259,Боссе,Боссе
263,"Collection Палисандр","Collection Палисандр"
264,"Collection Caffe. Дуб американский с карбонизированной обработкой","Collection Caffe. Дуб американский с карбонизированной обработкой"
265,"Collection Clou. Дуб американский с карбонизированной обработкой","Collection Clou. Дуб американский с карбонизированной обработкой"
268,"Лапачо (Ипе)","Лапачо (Ипе)"
271,"Floor Бамбук Натур","Floor Бамбук Натур"
267,"Ятоба (Бразильская вишня)","Ятоба (Бразильская вишня)"
272,"Floor Бамбук Кофе","Floor Бамбук Кофе"
273,"Floor Кемпас","Floor Кемпас"
275,"Floor Береза Черная","Floor Береза Черная"
274,"Floor Каслин Орех","Floor Каслин Орех"
277,"Wood Ясень Белый","Wood Ясень Белый"
276,"Wood Дуб Белый 18х120х300-1800","Wood Дуб Белый 18х120х300-1800"
278,"Wood Ясень Светлый орех","Wood Ясень Светлый орех"
279,"Wood Ясень кофе 18х120х300-1800","Wood Ясень кофе 18х120х300-1800"
280,"Wood Ясень Шоколад","Wood Ясень Шоколад"
282,"Клен европейский","Клен европейский"
284,"Грецкий орех","Грецкий орех"
283,Ятоба,Ятоба
286,"дуб рустик","дуб рустик"
287,клен,клен
288,"ясень натур","ясень натур"
289,"дуб натур","дуб натур"
291,"Floors Дуб Натуральный","Floors Дуб Натуральный"
290,"ясень селект","ясень селект"
293,"Floors Дуб Monaco","Floors Дуб Monaco"
294,"Floors Дуб Dante","Floors Дуб Dante"
295,"Floors Дуб Bruno","Floors Дуб Bruno"
298,"Дуб европейский маркант","Дуб европейский маркант"
301,"Floor Дуб морёный, Нордик, масло OSMO МОДУЛЬ № 3","Floor Дуб морёный, Нордик, масло OSMO МОДУЛЬ № 3"
302,"Floor Дуб Бурбон, лак УФ Белая патина МОДУЛЬ № 7","Floor Дуб Бурбон, лак УФ Белая патина МОДУЛЬ № 7"
303,"Floor Дуб Бурбон, масло Черное УФ МОДУЛЬ № 7","Floor Дуб Бурбон, масло Черное УФ МОДУЛЬ № 7"
304,"Floor Дуб лак УФ МОДУЛЬ № 13","Floor Дуб лак УФ МОДУЛЬ № 13"
305,"Floor Дуб лак УФ МОДУЛЬ № 12","Floor Дуб лак УФ МОДУЛЬ № 12"
311,"Ferutti Hermitage - Дуб Неро","Ferutti Hermitage - Дуб Неро"
312,"Ferutti Vario - Тик","Ferutti Vario - Тик"
313,"Ferutti Vario - Дуб натур","Ferutti Vario - Дуб натур"
314,"Ferutti Vario - Клён канадский","Ferutti Vario - Клён канадский"
315,"Ferutti Vario - Орех, Клён","Ferutti Vario - Орех, Клён"
361,Рустик,Рустик
364,Радиал,Радиал
366,Рустик,Рустик
367,Стандарт,Стандарт
369,Радиал,Радиал
373,Радиал,Радиал
368,Натур,Натур
370,Рустик,Рустик
375,"Орех Европейский Натур","Орех Европейский Натур"
371,Натур,Натур
377,"Орех Европейксий Стандарт","Орех Европейксий Стандарт"
382,Балау,Балау
383,Ормозия,Ормозия
384,"- Дуб Аутентика","- Дуб Аутентика"
390,Колорадо,Колорадо
385,"Дуб Коньячный","Дуб Коньячный"
391,Орех,Орех
392,"Вишня горная","Вишня горная"
393,"Дуб речной","Дуб речной"
394,"Дуб белый","Дуб белый"
404,"Рустик 122","Рустик 122"
397,Саванна,Саванна
405,"Патина 107","Патина 107"
406,414,414
407,"Селтик 153","Селтик 153"
434,"рифленый 21х145","рифленый 21х145"
440,"коричневая гладкая 21 x 145","коричневая гладкая 21 x 145"
445,"доска мербау","доска мербау"
446,"доска Мербау","доска Мербау"
447,"без покрытия","без покрытия"
449,"с покрытием","с покрытием"
461,Банкирай,Банкирай
462,Банкирай,Банкирай
465,"Орех Американский","Орех Американский"
464,Ипе,Ипе
472,шоколад,шоколад
473,Шамбор,Шамбор
474,Пастель,Пастель
476,Ривьера,Ривьера
477,свет,свет
475,Натуральный,Натуральный
478,Жемчужный,Жемчужный
479,шоколад,шоколад
480,Шамбор,Шамбор
508,"Granorte Corium Veneto Borgogna","Granorte Corium Veneto Borgogna"
481,Пастель,Пастель
482,Натуральный,Натуральный
509,"Granorte Corium Lombardia Antico","Granorte Corium Lombardia Antico"
510,"Granorte Corium Toscana Ruggine","Granorte Corium Toscana Ruggine"
511,"Granorte Corium Piemonte Caffe","Granorte Corium Piemonte Caffe"
514,"панели Granorte Granorte Corium Lombardia Antico","панели Granorte Granorte Corium Lombardia Antico"
512,"Granorte Corium Veneto Seppia","Granorte Corium Veneto Seppia"
516,"панели Granorte Granorte Corium Veneto Seppia","панели Granorte Granorte Corium Veneto Seppia"
517,"панели Granorte Granorte Corium Calabria Vaniglia","панели Granorte Granorte Corium Calabria Vaniglia"
515,"панели Granorte Granorte Corium Toscana Ruggine","панели Granorte Granorte Corium Toscana Ruggine"
513,"панели Granorte Granorte Corium Veneto Borgogna","панели Granorte Granorte Corium Veneto Borgogna"
519,"Eliter Эшторил","Eliter Эшторил"
518,"Eliter Албуфейра","Eliter Албуфейра"
520,"Eliter Монсараш","Eliter Монсараш"
522,Термоясень,Термоясень
521,Термоясень,Термоясень
523,Термоясень,Термоясень
524,ванной,ванной
525,ванной,ванной
526,ванной,ванной
527,ванной,ванной
531,Дуб,Дуб
532,Ясень,Ясень
536,"Дуб unique - StrongAir Elite+","Дуб unique - StrongAir Elite+"
534,Бук,Бук
535,Дуб,Дуб
537,"Ясень natur - StrongAir Elite+","Ясень natur - StrongAir Elite+"
539,"Ясень natur - StrongAir Elite","Ясень natur - StrongAir Elite"
538,"Дуб unique - StrongAir Elite","Дуб unique - StrongAir Elite"
540,"Дуб unique - SpringAir Elite+","Дуб unique - SpringAir Elite+"
544,"Дуб Черный","Дуб Черный"
545,"Дуб Черный Антик","Дуб Черный Антик"
546,"Дуб Красный","Дуб Красный"
550,"Античный дуб","Античный дуб"
551,"Античный орех","Античный орех"
552,"Античный орех золото","Античный орех золото"
553,Антрацит,Антрацит
554,Бальзамо,Бальзамо
556,Бесцветный,Бесцветный
557,Белый,Белый
559,Вишня,Вишня
560,Ипе,Ипе
558,Венге,Венге
561,Каштан,Каштан
562,Кемпас,Кемпас
564,Лапачо,Лапачо
565,Лимонный,Лимонный
566,Макоре,Макоре
567,"Мореный дуб","Мореный дуб"
569,бруса,бруса
568,бруса,бруса
570,косая,косая
572,Планкен,Планкен
595,"белый американский","белый американский"
573,Планкен,Планкен
574,косая,косая
596,Боссе,Боссе
598,Ипе,Ипе
601,(лак),(лак)
605,"Дуб Ноче Классик","Дуб Ноче Классик"
606,"- Мербау","- Мербау"
600,(лак),(лак)
610,"- Махагон","- Махагон"
612,заказ,заказ
611,заказ,заказ
613,заказ,заказ
614,заказ,заказ
615,заказ,заказ
617,(рулон),(рулон)
618,"Изолон 3 мм","Изолон 3 мм"
616,"Изолон 2 мм","Изолон 2 мм"
629,паркета,паркета
630,"под маслом","под маслом"
632,"и пробки (матовая)","и пробки (матовая)"
634,VDP-130,VDP-130
635,P,P
633,P,P
642,200,200
639,NEW,NEW
644,MB,MB
668,Конго,Конго
660,натур,натур
669,селект,селект
674,"-  Дуб скальный - rovere","-  Дуб скальный - rovere"
670,натуральный,натуральный
675,"-  Дуб скальный - rovere bianco","-  Дуб скальный - rovere bianco"
676,"-  Дуб скальный - rovere nero","-  Дуб скальный - rovere nero"
678,"-  Дуб скальный - rovere olio","-  Дуб скальный - rovere olio"
684,Нордик,Нордик
687,Шоколад,Шоколад
685,Селект,Селект
688,Ванильный,Ванильный
694,светло-соломенный,светло-соломенный
686,Кремовый,Кремовый
695,светло-соломенный,светло-соломенный
696,"Дуб буа брют","Дуб буа брют"
697,"Дуб буа брют","Дуб буа брют"
698,темно-коричневый,темно-коричневый
700,Зимний,Зимний
701,Светлый,Светлый
699,Дуб,Дуб
703,Летний,Летний
702,Коричневый,Коричневый
705,Gringo,Gringo
707,nat,nat
708,Country,Country
761,Кумару,Кумару
778,Горная,Горная
769,"Дуб селект","Дуб селект"
782,Ванила,Ванила
783,Нордик,Нордик
784,Кофе,Кофе
786,Мускат,Мускат
787,Прайм,Прайм
788,Селект,Селект
785,Белый,Белый
789,Натур,Натур
791,Селект,Селект
805,Сукупира,Сукупира
809,Castle,Castle
806,Натур,Натур
810,King,King
811,Queen,Queen
814,Ypsos,Ypsos
816,Silver,Silver
817,Naturo,Naturo
815,White,White
818,Canyon,Canyon
819,Бук,Бук
820,Камбала,Камбала
821,Вишня,Вишня
822,Клен,Клен
823,Венге,Венге
826,420х70х15,420х70х15
824,420х70х15,420х70х15
828,420х70х15,420х70х15
831,"Дуб поперечный срез Nature","Дуб поперечный срез Nature"
832,"-  бук Nature","-  бук Nature"
840,"Клен Экономи под заказ","Клен Экономи под заказ"
833,"-  бук Natur","-  бук Natur"
839,Зебрано,Зебрано
841,"Клен Экономи под заказ","Клен Экономи под заказ"
842,"Бук Люкс","Бук Люкс"
843,"Бук Люкс R-30","Бук Люкс R-30"
844,Американский,Американский
845,Американский,Американский
884,королевский,королевский
885,золотой,золотой
888,полярный,полярный
895,прованс,прованс
894,прованс,прованс
896,прованс,прованс
897,прованс,прованс
898,прованс,прованс
886,янтарный,янтарный
916,Прованс,Прованс
915,Натур,Натур
918,Норвежский,Норвежский
924,Дуб,Дуб
917,Серый,Серый
925,Дуб,Дуб
940,"Натур 600-800х100х22","Натур 600-800х100х22"
948,Кофе,Кофе
950,патина,патина
963,Зебрано,Зебрано
949,Копченый,Копченый
962,Венге,Венге
964,лапачо,лапачо
966,Вишня,Вишня
965,Олива,Олива
986,Лиственница,Лиственница
985,рустик,рустик
1032,"UF 915","UF 915"
1033,"UF 918","UF 918"
1014,Бук,Бук
1036,элегантный,элегантный
1037,империал,империал
1039,благородный,благородный
1056,Ятоба,Ятоба
1058,Массарандуба,Массарандуба
1038,декоративный,декоративный
1060,Сукупира,Сукупира
1062,покрытия),покрытия)
1063,покрытия),покрытия)
1064,покрытия),покрытия)
1065,покрытия),покрытия)
1070,"селект 1500x130x18 мм","селект 1500x130x18 мм"
1081,Коттедж,Коттедж
1093,"орех (Ipe)","орех (Ipe)"
1090,"Тик (Cumaru)","Тик (Cumaru)"
1096,FROST,FROST
1104,Пальма,Пальма
1102,Кофе,Кофе
1105,"Бук элеганс пропаренный","Бук элеганс пропаренный"
1107,"Венге элеганс","Венге элеганс"
1111,Мербау,Мербау
1113,Дуссие,Дуссие
1114,"кофе (лак)","кофе (лак)"
1120,Sarek,Sarek
1145,"Дуб Натур Отборн. 20* 130-150*500-2000 мм","Дуб Натур Отборн. 20* 130-150*500-2000 мм"
1146,"Дуб Натур Отборн. 20* 170*500-2000 мм","Дуб Натур Отборн. 20* 170*500-2000 мм"
1144,"Дуб Натур Отборн. 20* 120*500-2000 мм","Дуб Натур Отборн. 20* 120*500-2000 мм"
1121,Abisko,Abisko
1152,"Дуб радиал 420?70?15мм","Дуб радиал 420?70?15мм"
1147,"Дуб Натур  20* 120*500-2000 мм","Дуб Натур  20* 120*500-2000 мм"
1148,"Дуб Натур  20* 130-150*500-2000 мм","Дуб Натур  20* 130-150*500-2000 мм"
1155,Татачуба,Татачуба
1156,Татачуба,Татачуба
1159,Коттедж,Коттедж
1157,Татачуба,Татачуба
1162,Коньяк,Коньяк
1169,"Collection Old grey. Дуб американский с карбонизированной обработкой","Collection Old grey. Дуб американский с карбонизированной обработкой"
1168,"Collection Lava.  Дуб американский с карбонизированной обработкой","Collection Lava.  Дуб американский с карбонизированной обработкой"
1158,Натур,Натур
1172,"Collection Tulo. Дуб американский с карбонизированной обработкой","Collection Tulo. Дуб американский с карбонизированной обработкой"
1170,"Collection Paris. Дуб американский с карбонизированной обработкой","Collection Paris. Дуб американский с карбонизированной обработкой"
1160,Шоколад,Шоколад
1171,"Collection Syrah. Дуб американский с карбонизированной обработкой","Collection Syrah. Дуб американский с карбонизированной обработкой"
1166,Ятоба,Ятоба
1177,"Collection Клён канадский селект лак","Collection Клён канадский селект лак"
1179,"Collection Тик","Collection Тик"
1180,"Дуб Eben","Дуб Eben"
1173,"Collection Vinta. Дуб американский с карбонизированной обработкой","Collection Vinta. Дуб американский с карбонизированной обработкой"
1178,"Collection Вишня американский","Collection Вишня американский"
1175,"Collection Орех американский Натур","Collection Орех американский Натур"
1185,"Дуб Cognac","Дуб Cognac"
1187,"Дуб White wash","Дуб White wash"
1174,"Collection Орех американский Селект","Collection Орех американский Селект"
1191,"Дуб Фореста","Дуб Фореста"
1194,"Дуб Бьянко Миеле","Дуб Бьянко Миеле"
1198,"Дуб Черный","Дуб Черный"
1192,"Дуб Риспетто","Дуб Риспетто"
1193,"Дуб Айсберг","Дуб Айсберг"
1195,"Дуб Бьянки Карамель","Дуб Бьянки Карамель"
1201,Ясень,Ясень
1197,"Дуб Готик","Дуб Готик"
1199,"Дуб Светлый орех","Дуб Светлый орех"
1200,"Дуб Темный орех","Дуб Темный орех"
1196,"Дуб Аффумикато","Дуб Аффумикато"
1203,"Дуб Бриз","Дуб Бриз"
1202,"Дуб Розовый Жемчуг","Дуб Розовый Жемчуг"
1205,"Дуб Вереск","Дуб Вереск"
1204,"Дуб Грей","Дуб Грей"
1206,"Дуб Нордик","Дуб Нордик"
1207,"Дуб Полярный","Дуб Полярный"
1208,"Дуб Жемчужный","Дуб Жемчужный"
1228,Дуб,Дуб
1230,"Дуб Farina","Дуб Farina"
1229,Дуб,Дуб
1231,"Ясень Snow","Ясень Snow"
1233,"Дуб Farina","Дуб Farina"
1241,"Дуб Avorio","Дуб Avorio"
1232,"Вишня американская","Вишня американская"
1239,"Дуб Crema","Дуб Crema"
1243,"Клён канадский","Клён канадский"
1242,"Дуб Sasso","Дуб Sasso"
1244,"Вишня селект","Вишня селект"
1246,"Дуб Gold","Дуб Gold"
1238,"Дуб Копчёный","Дуб Копчёный"
1250,"Floor Дуб морёный, масло сизо-голубое OSMO МОДУЛЬ № 11","Floor Дуб морёный, масло сизо-голубое OSMO МОДУЛЬ № 11"
1251,"Floor Дуб морёный, патина Белая, масло УФ МОДУЛЬ № 11","Floor Дуб морёный, патина Белая, масло УФ МОДУЛЬ № 11"
1249,"Floor Дуб лак УФ МОДУЛЬ № 11","Floor Дуб лак УФ МОДУЛЬ № 11"
1245,"Дуб Avorio","Дуб Avorio"
1253,"Floor Дуб Антик, морёный, масло OSMO МОДУЛЬ № 2","Floor Дуб Антик, морёный, масло OSMO МОДУЛЬ № 2"
1252,"Floor Дуб Антик, морёный, масло OSMO МОДУЛЬ № 11","Floor Дуб Антик, морёный, масло OSMO МОДУЛЬ № 11"
1254,"Floor Дуб Антик, морёный, масло OSMO МОДУЛЬ №11","Floor Дуб Антик, морёный, масло OSMO МОДУЛЬ №11"
1256,"Floor Дуб Антик, морёный, масло Черное OSMO МОДУЛЬ № 16","Floor Дуб Антик, морёный, масло Черное OSMO МОДУЛЬ № 16"
1255,"Floor Дуб Антик, морёный, масло Черное OSMO МОДУЛЬ № 2","Floor Дуб Антик, морёный, масло Черное OSMO МОДУЛЬ № 2"
1257,"Floor Дуб морёный, лак УФ МОДУЛЬ № 12","Floor Дуб морёный, лак УФ МОДУЛЬ № 12"
1259,"Floor Дуб морёный, лак УФ МОДУЛЬ № 2","Floor Дуб морёный, лак УФ МОДУЛЬ № 2"
1258,"Floor Дуб морёный, лак УФ МОДУЛЬ № 14","Floor Дуб морёный, лак УФ МОДУЛЬ № 14"
1261,"Floor Дуб цвет Антрацит, лак УФ МОДУЛЬ №11","Floor Дуб цвет Антрацит, лак УФ МОДУЛЬ №11"
1260,"Floor Дуб морёный, масло OSMO МОДУЛЬ № 3","Floor Дуб морёный, масло OSMO МОДУЛЬ № 3"
1303,"Дуб Арктика","Дуб Арктика"
1305,"Орех Сад","Орех Сад"
1314,"Дуб Браш Селект","Дуб Браш Селект"
1316,"Дуб Копченый белый","Дуб Копченый белый"
1319,"Дуб Антик","Дуб Антик"
1320,"Дуб Латте","Дуб Латте"
1323,"Дуб Капучино","Дуб Капучино"
1321,"Дуб Робусто","Дуб Робусто"
1327,"Ясень Сахара","Ясень Сахара"
1324,"Дуб Милк","Дуб Милк"
1325,"Ясень Белый","Ясень Белый"
1326,"Ясень Барокко","Ясень Барокко"
1329,Сапеле,Сапеле
1333,"Дуб City","Дуб City"
1337,"Дуб красный Натур","Дуб красный Натур"
1343,"Дуб Антик","Дуб Антик"
1348,"Дуб Бренди","Дуб Бренди"
1346,"Дуб Какао","Дуб Какао"
1347,"Дуб Хони","Дуб Хони"
1356,"Дуб Ascania","Дуб Ascania"
1359,"Дуб Орегон","Дуб Орегон"
1361,"Дуб Розовый","Дуб Розовый"
1360,"Ясень Французская ривьера (French Riviera)","Ясень Французская ривьера (French Riviera)"
1378,"Зебрано (Ясень)","Зебрано (Ясень)"
1380,Бук,Бук
1379,"Зебрано (Дуб)","Зебрано (Дуб)"
1381,Ясень,Ясень
1383,"Клён канадский","Клён канадский"
1382,Дуб,Дуб
1386,"Дуб Королевский","Дуб Королевский"
1389,"Дуб Коньячный","Дуб Коньячный"
1387,"Дуб Белый Шёлк","Дуб Белый Шёлк"
1385,"Дуб Робусто","Дуб Робусто"
1384,"Дуб Копченый Белый","Дуб Копченый Белый"
1388,"Дуб Дымчатый","Дуб Дымчатый"
1390,"Ясень Термо","Ясень Термо"
1394,"Дуб Шоколад","Дуб Шоколад"
1395,"Дуб Натур","Дуб Натур"
1396,"Ясень Шоколад","Ясень Шоколад"
1393,"Орех Американский","Орех Американский"
1403,"Орех Американский","Орех Американский"
1406,"Ясень Луна","Ясень Луна"
1408,"Дуб Уран","Дуб Уран"
1407,"Ясень Марс","Ясень Марс"
1416,"Дуб Орегон","Дуб Орегон"
1414,"Дуб Коттедж","Дуб Коттедж"
1432,"Дуб White Marble СЛ","Дуб White Marble СЛ"
1433,"Дуб  Thunder Cloud НМБ/Б","Дуб  Thunder Cloud НМБ/Б"
1435,"Дуб Frost НМЦ/Б","Дуб Frost НМЦ/Б"
1439,"Wood Ясень Капучино","Wood Ясень Капучино"
1440,"Wood Ясень Натур лак","Wood Ясень Натур лак"
1442,"Wood Ясень Коньяк","Wood Ясень Коньяк"
1441,"Wood Ясень Селект лак","Wood Ясень Селект лак"
1434,"Дуб Silver Mist НМЦ/Б","Дуб Silver Mist НМЦ/Б"
1446,"Wood Дуб Махагон","Wood Дуб Махагон"
1444,"Wood Ясень Жемчужный","Wood Ясень Жемчужный"
1450,"Wood Дуб Слоновая кость","Wood Дуб Слоновая кость"
1445,"Wood Дуб Бурбон","Wood Дуб Бурбон"
1443,"Wood Дуб Миндаль","Wood Дуб Миндаль"
1447,"Wood Дуб Мускат","Wood Дуб Мускат"
1449,"Wood Дуб Шампань","Wood Дуб Шампань"
1452,"Wood Ясень Натур лак","Wood Ясень Натур лак"
1453,"Wood Ясень Шоколад","Wood Ясень Шоколад"
1451,"Wood Дуб Капучино","Wood Дуб Капучино"
1454,"Wood Ясень кофе","Wood Ясень кофе"
1455,"Wood Ясень Натур браш масло","Wood Ясень Натур браш масло"
1456,"Wood Дуб Экстра","Wood Дуб Экстра"
1461,"Дуб Копченый белый","Дуб Копченый белый"
1460,"Ясень Арктик","Ясень Арктик"
1458,"Дуб Жемчуг","Дуб Жемчуг"
1463,"Parket Ясень Chestnut","Parket Ясень Chestnut"
1466,"Parket Дуб Town(natur-select)","Parket Дуб Town(natur-select)"
1470,"Parket Дуб Village White (natur-white)","Parket Дуб Village White (natur-white)"
1462,"Дуб Серебро","Дуб Серебро"
1467,"Parket Дуб Antique","Parket Дуб Antique"
1464,"Parket Ясень Village White","Parket Ясень Village White"
1465,"Parket Ясень Village","Parket Ясень Village"
1468,"Parket Дуб Ebony Brush","Parket Дуб Ebony Brush"
1471,"Parket Ясень Amaretto Natural Pores Brush","Parket Ясень Amaretto Natural Pores Brush"
1473,"Parket Ясень Elite White (select white)","Parket Ясень Elite White (select white)"
1469,"Parket Бук Shoko","Parket Бук Shoko"
1474,"Parket Дуб Bitter Brush","Parket Дуб Bitter Brush"
1477,"Parket Дуб Ebony Pores","Parket Дуб Ebony Pores"
1476,"Parket Дуб Dune White Pores Brush","Parket Дуб Dune White Pores Brush"
1472,"Parket Дуб Dusky Grey Brush","Parket Дуб Dusky Grey Brush"
1475,"Parket Дуб Antracite","Parket Дуб Antracite"
1479,"Parket Дуб City (select-radial)","Parket Дуб City (select-radial)"
1478,"Parket Дуб Antique  UV-Oil","Parket Дуб Antique  UV-Oil"
1480,"Parket Дуб Rose Ebony Pores Brush","Parket Дуб Rose Ebony Pores Brush"
1481,"Parket Дуб Quartz White Pores","Parket Дуб Quartz White Pores"
1482,"Дуб Леванте (LEVANTE)","Дуб Леванте (LEVANTE)"
1487,"Дуб Бора (BORA)","Дуб Бора (BORA)"
1494,"Дуб Калима (CALIMA)","Дуб Калима (CALIMA)"
1488,"Дуб Калима (CALIMA)","Дуб Калима (CALIMA)"
1500,"Дуб Bianco","Дуб Bianco"
1505,"Дуб Espresso","Дуб Espresso"
1503,"Дуб Mocca","Дуб Mocca"
1504,"Дуб Honey","Дуб Honey"
1508,"Дуб Banana Song","Дуб Banana Song"
1510,"Дуб Cappucino","Дуб Cappucino"
1509,"Дуб Marzipan Muffin","Дуб Marzipan Muffin"
1515,"Дуб Black Pepper","Дуб Black Pepper"
1519,"Дуб Select","Дуб Select"
1520,"Дуб Ivory Stonewashed","Дуб Ivory Stonewashed"
1522,"Ясень Natur","Ясень Natur"
1518,"Дуб Antique","Дуб Antique"
1526,"Дуб Select Matt","Дуб Select Matt"
1530,"Дуб Shadow Grey","Дуб Shadow Grey"
1532,"Дуб Aged Stonewashed Ivory","Дуб Aged Stonewashed Ivory"
1535,"Bee Дуб Арктик","Bee Дуб Арктик"
1534,"Bee Дуб Кинг Браун","Bee Дуб Кинг Браун"
1533,"Дуб Promenade Grey","Дуб Promenade Grey"
1536,"Bee Ясень Арктик","Bee Ясень Арктик"
1538,"Bee Дуб Вайт","Bee Дуб Вайт"
1540,"Bee Дуб селект Браш","Bee Дуб селект Браш"
1541,"Bee Дуб Коньяк","Bee Дуб Коньяк"
1539,"Bee Дуб Селект","Bee Дуб Селект"
1537,"Bee Ясень Айс","Bee Ясень Айс"
1542,"Bee Дуб Коттедж","Bee Дуб Коттедж"
1543,"Bee Дуб Экспрешен","Bee Дуб Экспрешен"
1544,"Bee Дуб Антик Блэк","Bee Дуб Антик Блэк"
1545,"Bee Дуб Хистори","Bee Дуб Хистори"
1548,"Bee Орех Американский","Bee Орех Американский"
1547,"Bee Дуссие","Bee Дуссие"
1558,"Ясень Allegro матовый лак","Ясень Allegro матовый лак"
1568,"Дуб Графит / Graphite","Дуб Графит / Graphite"
1567,"Дуб Vivo лак","Дуб Vivo лак"
1564,"Дуб Finale  масло NaturalPlus","Дуб Finale  масло NaturalPlus"
1569,"Ясень Нормандский бриз(Norman breeze)","Ясень Нормандский бриз(Norman breeze)"
1571,"Дуб Терракота / Terracotta","Дуб Терракота / Terracotta"
1572,"Дуб Френч эстейт / French Estate","Дуб Френч эстейт / French Estate"
1573,"Дуб Антик белый / Antique white","Дуб Антик белый / Antique white"
1576,"Дуб Серый кашемир / Grey Cashmere","Дуб Серый кашемир / Grey Cashmere"
1579,"Дуб Орех / Chestnut","Дуб Орех / Chestnut"
1578,"Дуб Натуральный / Natural","Дуб Натуральный / Natural"
1580,"Дуб Бразильский орех / Walnut","Дуб Бразильский орех / Walnut"
1581,"Дуб Молочный шоколад / Milk chocolate","Дуб Молочный шоколад / Milk chocolate"
1582,"Дуб Шамбор / Chambord","Дуб Шамбор / Chambord"
1589,Мербау,Мербау
1583,"Дуб Пастель / Pastel","Дуб Пастель / Pastel"
1597,Ятоба,Ятоба
1593,Мербау,Мербау
1595,"Американский орех прайм","Американский орех прайм"
1602,"Дуб прайм термо","Дуб прайм термо"
1604,"Дуб Choco 70%","Дуб Choco 70%"
1605,"Дуб Choco 100%","Дуб Choco 100%"
1608,"Дуб Gray","Дуб Gray"
1606,"Дуб Cream","Дуб Cream"
1611,"Дуб Polar","Дуб Polar"
1614,"Дуб White","Дуб White"
1615,"Дуб Antarctis","Дуб Antarctis"
1613,"Дуб Tundra","Дуб Tundra"
1617,"Дуб Arctic","Дуб Arctic"
1616,"Дуб Antique","Дуб Antique"
1622,"Дуб Eben","Дуб Eben"
1620,"Дуб Cognac","Дуб Cognac"
1621,"Дуб Eben","Дуб Eben"
1626,"Wood Ясень Мокко ТЕРМО","Wood Ясень Мокко ТЕРМО"
1624,"Wood Дуб Шоколад","Wood Дуб Шоколад"
1629,"Wood Дуб Мускат ТЕРМО","Wood Дуб Мускат ТЕРМО"
1627,"Wood Дуб Какао ТЕРМО","Wood Дуб Какао ТЕРМО"
1628,"Wood Дуб Коньяк Рустик","Wood Дуб Коньяк Рустик"
1630,"Wood Дуб Арктика (Снежный)","Wood Дуб Арктика (Снежный)"
1631,"Wood Ясень Арктика (Снежный)","Wood Ясень Арктика (Снежный)"
1632,"Wood Дуб Мокко классик ТЕРМО","Wood Дуб Мокко классик ТЕРМО"
1633,"Wood Дуб Натуральный рустик","Wood Дуб Натуральный рустик"
1634,"Wood Дуб Капучино рустик ТЕРМО","Wood Дуб Капучино рустик ТЕРМО"
1635,"Wood Дуб Натуральный Коньячный пигмент","Wood Дуб Натуральный Коньячный пигмент"
1637,"Wood Дуб Капучино белый пигмент ТЕРМО","Wood Дуб Капучино белый пигмент ТЕРМО"
1636,"Wood Дуб Янтарь рустик ТЕРМО","Wood Дуб Янтарь рустик ТЕРМО"
1638,"Wood Дуб Нордик Рустик ТЕРМО","Wood Дуб Нордик Рустик ТЕРМО"
1639,"Wood Дуб Натуральный белый пигмент (Антик)","Wood Дуб Натуральный белый пигмент (Антик)"
1640,"Wood Дуб Натуральный Комфорт","Wood Дуб Натуральный Комфорт"
1641,"Wood Ясень Крем белый","Wood Ясень Крем белый"
1654,"Дуб Селект","Дуб Селект"
1653,"Орех пропаренный","Орех пропаренный"
1661,"Wood Дуб Натур лак","Wood Дуб Натур лак"
1663,"Wood Дуб Белая ночь","Wood Дуб Белая ночь"
1664,"Wood Дуб Арктик","Wood Дуб Арктик"
1662,"Wood Дуб Натур масло","Wood Дуб Натур масло"
1668,"Дуб Угольный","Дуб Угольный"
1666,"Wood Дуб Селект","Wood Дуб Селект"
1667,"Wood Дуб Селект","Wood Дуб Селект"
1670,"Дуб Орех (Chestnut)","Дуб Орех (Chestnut)"
1673,"Дуб Белый иней (White Frost)","Дуб Белый иней (White Frost)"
1671,"Дуб Бразильский орех (Walnut)","Дуб Бразильский орех (Walnut)"
1669,"Дуб Бразильский орех","Дуб Бразильский орех"
1672,"Дуб Тёмный шоколад (Dark chocolate)","Дуб Тёмный шоколад (Dark chocolate)"
1676,"Дуб Натуральный (Natural)","Дуб Натуральный (Natural)"
1675,"Дуб Натуральный","Дуб Натуральный"
1681,"Дуб Andante Live Pure","Дуб Andante Live Pure"
1687,"Береза Classic","Береза Classic"
1689,"Береза Lumi","Береза Lumi"
1701,"Мербау Сатиновый лак","Мербау Сатиновый лак"
1705,"Мербау сатиновый лак","Мербау сатиновый лак"
1706,"Мербау масло","Мербау масло"
1709,"Ятоба Сатиновый лак","Ятоба Сатиновый лак"
1710,"Ятоба сатиновый лак","Ятоба сатиновый лак"
1712,"Ятоба масло","Ятоба масло"
1717,"Parket Орех американский Village","Parket Орех американский Village"
1720,"Parket Орех американский City","Parket Орех американский City"
1724,"Орех Select","Орех Select"
1726,"Орех американский Andante Сатиновый лак","Орех американский Andante Сатиновый лак"
1727,"Орех американский Andante матовый лак","Орех американский Andante матовый лак"
1734,"Американский Орех Прайм","Американский Орех Прайм"
1739,"Американский орех","Американский орех"
1737,"Дуб Слегка копчёный","Дуб Слегка копчёный"
1738,"Американский орех","Американский орех"
1740,Дуб,Дуб
1742,"Дуб Avorio","Дуб Avorio"
1746,"Floors Дуб копченый Murano","Floors Дуб копченый Murano"
1744,"Floors Дуб Verona","Floors Дуб Verona"
1745,"Floors Дуб термо Imperia","Floors Дуб термо Imperia"
1743,"Дуб Копчёный","Дуб Копчёный"
1747,"Дуб Sasso","Дуб Sasso"
1748,"Клён Канадский","Клён Канадский"
1750,"Клён канадский","Клён канадский"
1749,"Дуб Копчёный","Дуб Копчёный"
1754,Ятоба,Ятоба
1751,Дуб,Дуб
1752,"Дуб Avorio","Дуб Avorio"
1753,"Акация пропаренная","Акация пропаренная"
1755,Дуссия,Дуссия
1756,"Дуб Слегка копчёный","Дуб Слегка копчёный"
1759,"Bee Дуб Арктик","Bee Дуб Арктик"
1757,"Орех американский","Орех американский"
1761,"Bee Ясень Айс","Bee Ясень Айс"
1765,"Bee Ясень Вайт","Bee Ясень Вайт"
1762,"Bee Ясень Эваланж","Bee Ясень Эваланж"
1763,"Bee Дуб Прованс","Bee Дуб Прованс"
1764,"Bee Дуб Бренди","Bee Дуб Бренди"
1760,"Bee Дуб Антик Блэк","Bee Дуб Антик Блэк"
1766,"Bee Ясень Орех","Bee Ясень Орех"
1767,"Bee Дуб Ванилла","Bee Дуб Ванилла"
1770,"Bee Мербау","Bee Мербау"
1768,"Bee Дуб Экспрешен","Bee Дуб Экспрешен"
1772,"Bee Тик","Bee Тик"
1769,"Bee Сапели","Bee Сапели"
1771,"Bee Орех американский","Bee Орех американский"
1777,"Ясень Нормандский бриз(Norman breeze)","Ясень Нормандский бриз(Norman breeze)"
1785,"Дуб Ванильный / Vanilla","Дуб Ванильный / Vanilla"
1783,"Дуб  Орех / Chestnut","Дуб  Орех / Chestnut"
1787,"Дуб  Натуральный / Natural","Дуб  Натуральный / Natural"
1786,"Дуб  Бразильский орех / Walnut","Дуб  Бразильский орех / Walnut"
1792,"Parquet Дуб Honey Melone (Медовый)","Parquet Дуб Honey Melone (Медовый)"
1793,"Parquet Дуб Tangerine (Мандарин)","Parquet Дуб Tangerine (Мандарин)"
1794,"Parquet Дуб Coffee Grain (Кофейный)","Parquet Дуб Coffee Grain (Кофейный)"
1795,Champagne,Champagne
1796,Termo,Termo
1797,"Дуб Копченый","Дуб Копченый"
1799,"Floor Дуб Натуральный, лак УФ","Floor Дуб Натуральный, лак УФ"
1800,"Floor Дуб Серый 2, лак УФ","Floor Дуб Серый 2, лак УФ"
1803,"Floor Дуб Серый 3, браш, лак УФ","Floor Дуб Серый 3, браш, лак УФ"
1802,"Floor Дуб Серый 2, масло УФ","Floor Дуб Серый 2, масло УФ"
1806,"Floor Дуб Копченый, битый, чёрное масло OSMO","Floor Дуб Копченый, битый, чёрное масло OSMO"
1804,"Floor Дуб Самбре, лак УФ","Floor Дуб Самбре, лак УФ"
1801,"Floor Дуб Белый, лак УФ","Floor Дуб Белый, лак УФ"
1805,"Floor Дуб Орегон, масло УФ","Floor Дуб Орегон, масло УФ"
1808,"Floor Дуб Копченый, натуральное масло OSMO","Floor Дуб Копченый, натуральное масло OSMO"
1810,"Floor Дуб Антик, натуральное масло OSMO","Floor Дуб Антик, натуральное масло OSMO"
1807,"Floor Дуб Копченый, чёрное масло OSMO","Floor Дуб Копченый, чёрное масло OSMO"
1809,"Floor Дуб Копченый, патина черная, натуральное масло УФ","Floor Дуб Копченый, патина черная, натуральное масло УФ"
1811,"Floor Дуб Белый, патина Белая, лак УФ","Floor Дуб Белый, патина Белая, лак УФ"
1813,"Floor Дуб Натуральный, патина белая, масло УФ","Floor Дуб Натуральный, патина белая, масло УФ"
1812,"Floor Дуб Белый, патина белая, масло УФ","Floor Дуб Белый, патина белая, масло УФ"
1815,"Floor Дуб Копченый, Забелка, масло УФ","Floor Дуб Копченый, Забелка, масло УФ"
1817,"Floor Дуб Платина, принт 1, лак УФ","Floor Дуб Платина, принт 1, лак УФ"
1814,"Floor Дуб Копченый, Серый, масло OSMO","Floor Дуб Копченый, Серый, масло OSMO"
1816,"Floor Дуб Копченый, Белый, масло OSMO","Floor Дуб Копченый, Белый, масло OSMO"
1855,"Дуб Натуральный","Дуб Натуральный"
1854,"Ясень Ванильный","Ясень Ванильный"
1857,"Дуб Беленый","Дуб Беленый"
1860,"Дуб Андорра","Дуб Андорра"
1856,"Дуб Ванильный","Дуб Ванильный"
1859,"Дуб Светлый орех","Дуб Светлый орех"
1858,"Дуб Коньяк","Дуб Коньяк"
1863,"Дуб Янтарный","Дуб Янтарный"
1865,"Дуб Белый Шелк","Дуб Белый Шелк"
1864,"Дуб Ноче Классик","Дуб Ноче Классик"
1862,"Дуб Старинный","Дуб Старинный"
1861,"Дуб Бьянки Карамель","Дуб Бьянки Карамель"
1867,"Дуб Креме ди Маре","Дуб Креме ди Маре"
1866,"Дуб Аффумикато","Дуб Аффумикато"
1870,"Дуб Полярный","Дуб Полярный"
1868,"Дуб Вереск","Дуб Вереск"
1869,"Дуб Нордик","Дуб Нордик"
1871,"Дуб Кофе","Дуб Кофе"
1873,"Дуб Ноче Олд","Дуб Ноче Олд"
1872,"Дуб Жемчужный","Дуб Жемчужный"
1874,"Дуб Морроне","Дуб Морроне"
1876,"Дуб Морденте","Дуб Морденте"
1875,"Дуб Арктик","Дуб Арктик"
1877,"Дуб Айсберг","Дуб Айсберг"
1879,"Parquet Дуб Smoke (Смок)","Parquet Дуб Smoke (Смок)"
1880,"Parquet Дуб Pearl (Жемчуг)","Parquet Дуб Pearl (Жемчуг)"
1878,"Parquet Дуб Citrin (Цитрин)","Parquet Дуб Citrin (Цитрин)"
1884,"Parquet Дуб Nozize (Нойз)","Parquet Дуб Nozize (Нойз)"
1882,"Parquet Дуб Cappuccino (Капучино)","Parquet Дуб Cappuccino (Капучино)"
1885,"Parquet Дуб Rain (Райн)","Parquet Дуб Rain (Райн)"
1883,"Parquet Дуб Pecan (Пекан)","Parquet Дуб Pecan (Пекан)"
1881,"Parquet Дуб Slate (шифер)","Parquet Дуб Slate (шифер)"
1886,"Parquet Ясень Blind (Блайнд)","Parquet Ясень Blind (Блайнд)"
1887,"Parquet Ясень Dark Chokolate (Тёмный Шоколад)","Parquet Ясень Dark Chokolate (Тёмный Шоколад)"
1888,"Parquet Укладка Шашки","Parquet Укладка Шашки"
1889,"Parquet Укладка Плетёнка","Parquet Укладка Плетёнка"
1890,"Parquet Укладка Ёлочка","Parquet Укладка Ёлочка"
1891,"Parquet Укладка Лабиринт","Parquet Укладка Лабиринт"
1895,"Дуб Мурано","Дуб Мурано"
1892,"Parquet Укладка Палуба","Parquet Укладка Палуба"
1893,"Parquet Укладка Палуба","Parquet Укладка Палуба"
1894,"Дуб Палермо","Дуб Палермо"
1897,"Дуб Флоренция","Дуб Флоренция"
1896,"Дуб Милан","Дуб Милан"
1898,"Дуб Тоскано","Дуб Тоскано"
1900,"Дуб Неаполь","Дуб Неаполь"
1899,"Дуб Кьянти","Дуб Кьянти"
1901,"Дуб Сицилия","Дуб Сицилия"
1902,"Дуб Барселона","Дуб Барселона"
1903,"Дуб Валенсия","Дуб Валенсия"
1904,"Дуб Гранада","Дуб Гранада"
1905,"Дуб Витория","Дуб Витория"
1907,"Дуб Аликанте","Дуб Аликанте"
1909,"Дуб Мадрид","Дуб Мадрид"
1910,"Дуб Капри","Дуб Капри"
1908,"Дуб Толедо","Дуб Толедо"
1906,"Дуб Мурсия","Дуб Мурсия"
1919,"Красный дуб Вороненая сталь","Красный дуб Вороненая сталь"
1918,"Красный дуб Умеренно-коричневый","Красный дуб Умеренно-коричневый"
1921,"Красный дуб Затмение","Красный дуб Затмение"
1920,"Красный дуб Выбеленный","Красный дуб Выбеленный"
1925,"Красный дуб Натуральный","Красный дуб Натуральный"
1924,"Красный дуб Медовый","Красный дуб Медовый"
1928,"Красный дуб Шоколад","Красный дуб Шоколад"
1930,"Дуб Coral","Дуб Coral"
1927,"Красный дуб Тень","Красный дуб Тень"
1926,"Красный дуб Мистически Коричневый","Красный дуб Мистически Коричневый"
1931,"Дуб Sand","Дуб Sand"
1933,"Дуб Traditional","Дуб Traditional"
1935,"Дуб Pearl","Дуб Pearl"
1932,"Дуб Nature","Дуб Nature"
1934,"Дуб Antique","Дуб Antique"
1953,Ристретто,Ристретто
1936,"Дуб Traditional белый","Дуб Traditional белый"
1938,"Дуб Coral","Дуб Coral"
1937,"Дуб Sand","Дуб Sand"
1939,"Дуб Stonewashed Old Grey","Дуб Stonewashed Old Grey"
1960,Сен-Бернар,Сен-Бернар
1959,Пинью,Пинью
1962,Маттерхорн,Маттерхорн
1961,Эдельвейс,Эдельвейс
1964,Амаретто,Амаретто
1963,Люциария,Люциария
1965,Глетчер,Глетчер
1966,Карбаро,Карбаро
1967,Невшатель,Невшатель
1957,Маджоре,Маджоре
1968,Пилатус,Пилатус
1973,"Ferutti Hermitage - Дуб Грей","Ferutti Hermitage - Дуб Грей"
1970,Шварцбрюке,Шварцбрюке
1975,"Ferutti Hermitage - Дуб Коньяк","Ferutti Hermitage - Дуб Коньяк"
1969,Романдия,Романдия
1976,"Ferutti Hermitage - Дуб Натур","Ferutti Hermitage - Дуб Натур"
1977,"Ferutti Linea - Дуб Арктик браш","Ferutti Linea - Дуб Арктик браш"
1972,"Ferutti Hermitage - Дуб Беленый","Ferutti Hermitage - Дуб Беленый"
1978,"Ferutti Linea - Мербау натур","Ferutti Linea - Мербау натур"
1974,"Ferutti Hermitage - Дуб Клауд","Ferutti Hermitage - Дуб Клауд"
1979,"Ferutti Linea - Клен канадский","Ferutti Linea - Клен канадский"
1982,"Ferutti Versailles - Дуб грей","Ferutti Versailles - Дуб грей"
1971,"Ferutti Hermitage - Дуб Арктик","Ferutti Hermitage - Дуб Арктик"
1980,"Ferutti Linea - Дуб Неро","Ferutti Linea - Дуб Неро"
1981,"Ferutti Linea - Дуб Грей браш","Ferutti Linea - Дуб Грей браш"
1983,"Ferutti Versailles - Дуб  Неро","Ferutti Versailles - Дуб  Неро"
1987,"Floors Дуб Dante","Floors Дуб Dante"
1985,"Floors Дуб Monaco","Floors Дуб Monaco"
1990,"Floors Дуб Luna","Floors Дуб Luna"
1986,"Floors Дуб Notte","Floors Дуб Notte"
1988,"Floors Дуб Bruno","Floors Дуб Bruno"
1989,"Floors Дуб Monte","Floors Дуб Monte"
1992,"Floors Дуб Sole","Floors Дуб Sole"
1991,"Floors Дуб Carta","Floors Дуб Carta"
1993,"Floors Дуб Fresco","Floors Дуб Fresco"
1995,Афзелия,Афзелия
1997,Венге,Венге
1996,Ипе,Ипе
2006,"Flooring Калахари","Flooring Калахари"
2008,"Flooring Кофе","Flooring Кофе"
2010,"Flooring Айсберг","Flooring Айсберг"
2011,"Flooring Мускат","Flooring Мускат"
2012,"Flooring Конго","Flooring Конго"
2016,"Бамбук Натур","Бамбук Натур"
2020,"Дуб Маренго","Дуб Маренго"
2022,"Дуб Каштан","Дуб Каштан"
2027,"Дуб Палермо","Дуб Палермо"
2024,"Дуб Миндаль","Дуб Миндаль"
2025,"Дуб Неаполь","Дуб Неаполь"
2026,"Дуб Сицилия","Дуб Сицилия"
2029,"Дуб Верона","Дуб Верона"
2036,"Дуб Витория","Дуб Витория"
2039,"Wood Ясень Ваниль 18х120х300-1800","Wood Ясень Ваниль 18х120х300-1800"
2040,"Wood Ясень Винтаж 18х120х300-1800","Wood Ясень Винтаж 18х120х300-1800"
2037,"Дуб Мурсия","Дуб Мурсия"
2038,"Wood Ясень Натур 18х120х300-1800","Wood Ясень Натур 18х120х300-1800"
2041,"Wood Ясень Коттедж браш 18х120х300-1800","Wood Ясень Коттедж браш 18х120х300-1800"
2042,"Wood Ясень Белая ночь 18х120х300-1800","Wood Ясень Белая ночь 18х120х300-1800"
2043,"Wood Ясень Слоновая кость","Wood Ясень Слоновая кость"
2044,"Wood Ясень Капучино","Wood Ясень Капучино"
2045,"Wood Ясень Карамель 18х120х300-1800","Wood Ясень Карамель 18х120х300-1800"
2046,"Wood Ясень Селект 18х120х300-1800","Wood Ясень Селект 18х120х300-1800"
2049,"Дуб Орех / Chestnut","Дуб Орех / Chestnut"
2047,"Дуб Молочный шоколад / Milk chocolate","Дуб Молочный шоколад / Milk chocolate"
2051,"Дуб Ванильный / Vanilla","Дуб Ванильный / Vanilla"
2048,"Дуб Пастель / Pastel","Дуб Пастель / Pastel"
2056,"Дуб Красный Натуральный","Дуб Красный Натуральный"
2058,"Дуб Белый натур","Дуб Белый натур"
2057,"Белый Ясень натур","Белый Ясень натур"
2063,"Канадский Твердый Клен Арабика","Канадский Твердый Клен Арабика"
2067,"Дуб Красный Тень","Дуб Красный Тень"
2069,"Дуб Красный Мистически коричневый","Дуб Красный Мистически коричневый"
2066,"Канадский Твердый Клен Тень","Канадский Твердый Клен Тень"
2070,"Дуб Красный  Затмение","Дуб Красный  Затмение"
2072,"Дуб Терракота","Дуб Терракота"
2073,"Дуб Орех","Дуб Орех"
2071,"Дуб Френч эстейт","Дуб Френч эстейт"
2075,"Дуб Натуральный","Дуб Натуральный"
2077,"Дуб Бразильский орех","Дуб Бразильский орех"
2076,"Дуб Антик белый","Дуб Антик белый"
2078,"Дуб Орех","Дуб Орех"
2079,"Дуб Натуральный","Дуб Натуральный"
2082,"Дуб Белый мрамор","Дуб Белый мрамор"
2080,"Дуб Мускат","Дуб Мускат"
2083,"Дуб Графит","Дуб Графит"
2085,"Дуб Французский гобелен","Дуб Французский гобелен"
2081,"Дуб янтарный","Дуб янтарный"
2084,"Дуб Античная патина","Дуб Античная патина"
2087,"Дуб серый кашемир","Дуб серый кашемир"
2086,"Дуб Терра","Дуб Терра"
2089,"Дуб Пастель","Дуб Пастель"
2088,"Дуб Шамбор","Дуб Шамбор"
2091,"Ясень  Лунный свет","Ясень  Лунный свет"
2090,"Ясень Комо","Ясень Комо"
2093,"Ясень  Аваланж","Ясень  Аваланж"
2092,"Ясень Жемчужный","Ясень Жемчужный"
2094,"Дуб Ванильный","Дуб Ванильный"
2095,"Дуб Угольный","Дуб Угольный"
2096,"Дуб Бразильский орех","Дуб Бразильский орех"
2097,"Дуб Орех","Дуб Орех"
2098,"Дуб Розовый","Дуб Розовый"
2099,"Дуб Натуральный","Дуб Натуральный"
2101,"Дуб Бразильский орех","Дуб Бразильский орех"
2104,"Ясень Мокка","Ясень Мокка"
2103,"Дуб Натуральный","Дуб Натуральный"
2102,"Дуб Орех","Дуб Орех"
2106,"Дуб  Белый  иней","Дуб  Белый  иней"
2100,"Дуб Антик белый","Дуб Антик белый"
2107,"Дуб Серый Кашемир","Дуб Серый Кашемир"
2108,"Дуб Шабо","Дуб Шабо"
2105,"Ясень Французская ривьера (French Riviera)","Ясень Французская ривьера (French Riviera)"
2109,"Ясень Лунный свет","Ясень Лунный свет"
2110,"Ясень Карамельный","Ясень Карамельный"
2112,"Лиственница натур","Лиственница натур"
2111,"Ясень Лунный свет","Ясень Лунный свет"
2125,Тик,Тик
2130,"Дуб Мадрид","Дуб Мадрид"
2127,"Дуб Аликанте","Дуб Аликанте"
2128,"Дуб Толедо","Дуб Толедо"
2129,"Дуб Капри","Дуб Капри"
2134,Вербье,Вербье
2135,Ристретто,Ристретто
2136,Смокед,Смокед
2137,Андерматт,Андерматт
2139,Маджоре,Маджоре
2138,Лейкербад,Лейкербад
2141,Пиньо,Пиньо
2142,Сен-Бернар,Сен-Бернар
2143,Эдельвейс,Эдельвейс
2144,Маттерхорн,Маттерхорн
2140,Мюррен,Мюррен
2145,Люциария,Люциария
2146,Амаретто,Амаретто
2151,Романдия,Романдия
2149,Невшатель,Невшатель
2147,Глетчер,Глетчер
2148,Карбаро,Карбаро
2153,Амарант,Амарант
2152,Шварцбрюке,Шварцбрюке
2158,"Тик палуба","Тик палуба"
2161,Кумару,Кумару
2160,"Оливковое дерево","Оливковое дерево"
2159,Сапеле,Сапеле
2162,"Американский дуб селект","Американский дуб селект"
2163,"Американский Орех","Американский Орех"
2165,"Кумару (Бразильский тик)","Кумару (Бразильский тик)"
2172,"Floor Дуб Бренди браш","Floor Дуб Бренди браш"
2175,"Floor Дуб Беленый браш","Floor Дуб Беленый браш"
2174,"Floor Дуб Арктик","Floor Дуб Арктик"
2176,"Floor Дуб Коньяк браш","Floor Дуб Коньяк браш"
2177,"Floor Дуб Кофе браш","Floor Дуб Кофе браш"
2178,"Floor Дуб Милк","Floor Дуб Милк"
2179,"Floor Дуб Натур браш","Floor Дуб Натур браш"
2180,"Floor Дуб Клауд браш","Floor Дуб Клауд браш"
2181,"Floor Дуб Шоколад","Floor Дуб Шоколад"
2182,"Floor Дуб Клауд браш","Floor Дуб Клауд браш"
2184,"Floor Ипе","Floor Ипе"
2183,"Floor Дуб Грей Мун браш","Floor Дуб Грей Мун браш"
2186,"Floor Кумару Красный","Floor Кумару Красный"
2188,"Floor Дуб Термо","Floor Дуб Термо"
2187,"Floor Дуб Селект","Floor Дуб Селект"
2189,"Wood Дуб черно-белый 18х120х300-1800","Wood Дуб черно-белый 18х120х300-1800"
2191,"Wood Дуб Кофе 18х120х300-1800","Wood Дуб Кофе 18х120х300-1800"
2190,"Wood Дуб Мокко 18х120х300-1800","Wood Дуб Мокко 18х120х300-1800"
2196,"Wood Дуб Арктик 18х120х300-1800","Wood Дуб Арктик 18х120х300-1800"
2194,"Wood Дуб Ваниль 18х120х300-1800","Wood Дуб Ваниль 18х120х300-1800"
2192,"Wood Дуб Светлый Орех 18х120х300-1800","Wood Дуб Светлый Орех 18х120х300-1800"
2193,"Wood Дуб Шоколад 18 х 120 х 300-1800 мм","Wood Дуб Шоколад 18 х 120 х 300-1800 мм"
2199,Сапеле,Сапеле
2197,"Wood Дуб Белая Ночь 18х120х300-1800","Wood Дуб Белая Ночь 18х120х300-1800"
2200,"Афрормозия Средняя","Афрормозия Средняя"
2195,"Wood Дуб Коттедж браш 18х120х300-1800","Wood Дуб Коттедж браш 18х120х300-1800"
2198,"Wood Дуб Натур 18х120х300-1800","Wood Дуб Натур 18х120х300-1800"
2204,Палисандр,Палисандр
2203,"Орех американский селект","Орех американский селект"
2202,"Тик Бирма","Тик Бирма"
2201,"Орех американский натур","Орех американский натур"
2205,вишня,вишня
2207,орех,орех
2206,"дуб селект","дуб селект"
2211,"Floors Дуб Carta","Floors Дуб Carta"
2209,"Floors Дуб Ideale","Floors Дуб Ideale"
2208,"Floors Дуб Notte","Floors Дуб Notte"
2212,"Floors Дуб Luna","Floors Дуб Luna"
2214,"Floors Дуб Monte","Floors Дуб Monte"
2213,"Floors Дуб Sole","Floors Дуб Sole"
2216,"Floors Дуб Amore","Floors Дуб Amore"
2210,"Floors Дуб Fresco","Floors Дуб Fresco"
2217,"Floors Дуб Viola","Floors Дуб Viola"
2218,"Floors Дуб Amigo","Floors Дуб Amigo"
2215,"Floors Дуб Savoy","Floors Дуб Savoy"
2219,"Floors Дуб Libro","Floors Дуб Libro"
2220,"Floors Дуб Deco","Floors Дуб Deco"
2222,"Floors Дуб Arena","Floors Дуб Arena"
2226,"Floors Дуб Savio","Floors Дуб Savio"
2223,"Floors Дуб Conte","Floors Дуб Conte"
2224,"Floors Дуб Novo","Floors Дуб Novo"
2221,"Floors Дуб Vento","Floors Дуб Vento"
2225,"Floors Дуб Stella","Floors Дуб Stella"
2235,"дерево (Лаосский Орех)","дерево (Лаосский Орех)"
2234,Ормозия,Ормозия
2236,Балау,Балау
2266,"Floor Дуб Бурбон, лак УФ МОДУЛЬ № 4","Floor Дуб Бурбон, лак УФ МОДУЛЬ № 4"
2265,"Floor Дуб Бурбон, лак УФ, цвет Сомбрэ МОДУЛЬ № 13","Floor Дуб Бурбон, лак УФ, цвет Сомбрэ МОДУЛЬ № 13"
2238,"без покрытия","без покрытия"
2240,американская,американская
2264,"Floor Дуб цвет Гансток, морёный, текстурированный, лак УФ МОДУЛЬ № 10","Floor Дуб цвет Гансток, морёный, текстурированный, лак УФ МОДУЛЬ № 10"
2269,"Floor Дуб Бурбон, цвет Баттэрскотч, лак УФ МОДУЛЬ № 2","Floor Дуб Бурбон, цвет Баттэрскотч, лак УФ МОДУЛЬ № 2"
2267,"Floor Дуб Бурбон, масло Черное УФ МОДУЛЬ № 3","Floor Дуб Бурбон, масло Черное УФ МОДУЛЬ № 3"
2271,"Ferutti Castello - Дуб Грей","Ferutti Castello - Дуб Грей"
2268,"Floor Дуб Бурбон, цвет Баттэрскотч, лак УФ МОДУЛЬ № 2","Floor Дуб Бурбон, цвет Баттэрскотч, лак УФ МОДУЛЬ № 2"
2272,"Ferutti Castello - Дуб Неро","Ferutti Castello - Дуб Неро"
2276,"Ferutti Linea - Сапели","Ferutti Linea - Сапели"
2273,"Ferutti Hermitage - Орех американский","Ferutti Hermitage - Орех американский"
2275,"Ferutti Castello - Дуб Кембридж","Ferutti Castello - Дуб Кембридж"
2274,"Ferutti Linea - Дуб Кембридж","Ferutti Linea - Дуб Кембридж"
2346,"((дуб радиал, мербау)","((дуб радиал, мербау)"
2312,"((дуб радиал, клен, мербау, орех)","((дуб радиал, клен, мербау, орех)"
2369,"(дуб радиал, клен, мербау)","(дуб радиал, клен, мербау)"
2381,"радиал, клен, орех, венге)","радиал, клен, орех, венге)"
2374,"(дуб радиал, клен, ясень, венге)","(дуб радиал, клен, ясень, венге)"
2405,Палисандр,Палисандр
2404,"Вишня селект","Вишня селект"
2409,"Королевское дерево (Лаосский Орех)","Королевское дерево (Лаосский Орех)"
2411,Пальма,Пальма
2443,"Дуб крепостной","Дуб крепостной"
2412,"ТИК под лаком","ТИК под лаком"
2414,"Вишня американская","Вишня американская"
2442,"Дуб летний","Дуб летний"
2445,Венге,Венге
2447,"Дуб серебряный","Дуб серебряный"
2448,"Дуб рурский","Дуб рурский"
2444,"Дуб мореный","Дуб мореный"
2450,"Дуб нордик","Дуб нордик"
2449,"Дуб табак","Дуб табак"
2451,"Дуб ориент","Дуб ориент"
2454,"Дуб табак","Дуб табак"
2455,"Дуб ориент","Дуб ориент"
2452,"Дуб крепостной","Дуб крепостной"
2456,"Дуб нордик","Дуб нордик"
2453,"Дуб рурский","Дуб рурский"
2457,"Античный белый","Античный белый"
2459,"Дуб серебряный","Дуб серебряный"
2458,"Дуб речной","Дуб речной"
2460,Черный,Черный
2491,"Белый античный","Белый античный"
2493,Шоколад,Шоколад
2498,"Вишня горная","Вишня горная"
2496,Черный,Черный
2502,"Ясень Золотой","Ясень Золотой"
2501,"Дуб морёный","Дуб морёный"
2500,"Орех грецкий","Орех грецкий"
2503,Мербау,Мербау
2506,"Клен Норвежский","Клен Норвежский"
2504,"Сосна Белая","Сосна Белая"
2505,"Дуб Прованс","Дуб Прованс"
2507,"Дуб Серый","Дуб Серый"
2591,Венеция,Венеция
2594,Тропический,Тропический
2612,"Клен Летний","Клен Летний"
2595,"светлый Элегант","светлый Элегант"
2598,Распиленый,Распиленый
2596,Песочный,Песочный
2623,"Селтик 153","Селтик 153"
2614,"Патина 107","Патина 107"
2621,414,414
2615,"Рустик 122","Рустик 122"
2618,"Аутентик 103","Аутентик 103"
2634,"Балеарский 622","Балеарский 622"
2631,"Сардиния 619","Сардиния 619"
2633,"Канарский 621","Канарский 621"
2653,"Камень Серый Теплый","Камень Серый Теплый"
2701,Мербау,Мербау
2707,Венге,Венге
2705,"Натуральный Дуб","Натуральный Дуб"
2708,"Дуб Ланж","Дуб Ланж"
2712,Андироба,Андироба
2713,Астория,Астория
2716,"Грецкий Орех","Грецкий Орех"
2729,"коричневая вельвет 21 x 145","коричневая вельвет 21 x 145"
2727,"коричневая гладкая 21 x 145","коричневая гладкая 21 x 145"
2728,"коричневая вельвет 21 x 145","коричневая вельвет 21 x 145"
2731,"коричневая гладкая 21 x 145","коричневая гладкая 21 x 145"
2732,"коричневая гладкая 21 x 145","коричневая гладкая 21 x 145"
2754,Ривьера,Ривьера
2758,"Floors Французская елка Дуб Amore","Floors Французская елка Дуб Amore"
2756,Жемчужный,Жемчужный
2755,свет,свет
2759,"Floors Французская елка Дуб Monte","Floors Французская елка Дуб Monte"
2777,White,White
2757,"Floors Французская елка Дуб Libro","Floors Французская елка Дуб Libro"
2760,"Floors Французская елка Дуб Sole","Floors Французская елка Дуб Sole"
2804,Block,Block
2835,"Granorte Corium Calabria Vaniglia","Granorte Corium Calabria Vaniglia"
2836,"Granorte Corium Calabria Cannella","Granorte Corium Calabria Cannella"
2837,"Granorte Corium Calabria Cacao","Granorte Corium Calabria Cacao"
2823,Smoke,Smoke
2839,"Granorte Corium Veneto Bistro","Granorte Corium Veneto Bistro"
2824,Vanilla,Vanilla
2840,"Granorte Corium Umbria Bianco","Granorte Corium Umbria Bianco"
2842,"Granorte Corium Umbria Ardesia","Granorte Corium Umbria Ardesia"
2838,"Granorte Corium Umbria Seppia","Granorte Corium Umbria Seppia"
2843,"Granorte Corium Calabria Verde","Granorte Corium Calabria Verde"
2844,"Granorte Corium Calabria Granata","Granorte Corium Calabria Granata"
2841,"Granorte Corium Umbria Grigio","Granorte Corium Umbria Grigio"
2848,"панели Granorte Granorte Corium Umbria Seppia","панели Granorte Granorte Corium Umbria Seppia"
2846,"панели Granorte Granorte Corium Calabria Cannella","панели Granorte Granorte Corium Calabria Cannella"
2845,"Granorte Corium Calabria Marrone","Granorte Corium Calabria Marrone"
2849,"панели Granorte Granorte Corium Veneto Bistro","панели Granorte Granorte Corium Veneto Bistro"
2847,"панели Granorte Granorte Corium Calabria Cacao","панели Granorte Granorte Corium Calabria Cacao"
2851,"панели Granorte Granorte Corium Umbria Grigio","панели Granorte Granorte Corium Umbria Grigio"
2852,"панели Granorte Granorte Corium Umbria Ardesia","панели Granorte Granorte Corium Umbria Ardesia"
2850,"панели Granorte Granorte Corium Umbria Bianco","панели Granorte Granorte Corium Umbria Bianco"
2853,"панели Granorte Granorte Corium Calabria Verde","панели Granorte Granorte Corium Calabria Verde"
2854,"панели Granorte Granorte Corium Calabria Granata","панели Granorte Granorte Corium Calabria Granata"
2855,"панели Granorte Granorte Corium Calabria Marrone","панели Granorte Granorte Corium Calabria Marrone"
2859,Бук,Бук
2858,Ясень,Ясень
2862,Ясень,Ясень
2863,Бук,Бук
2866,Ясень,Ясень
2864,Дуб,Дуб
2860,Дуб,Дуб
2867,Бук,Бук
2868,Дуб,Дуб
2871,Бук,Бук
2872,Дуб,Дуб
2875,Бук,Бук
2870,Ясень,Ясень
2874,Ясень,Ясень
2876,Дуб,Дуб
2883,"Ясень rustic - SpringAir Elite+","Ясень rustic - SpringAir Elite+"
2884,"Ясень natur - SpringAir Elite+","Ясень natur - SpringAir Elite+"
2882,"Дуб rustic - SpringAir Elite+","Дуб rustic - SpringAir Elite+"
2887,"Ясень rustic - SpringAir Elite","Ясень rustic - SpringAir Elite"
2889,"Античный орех золото","Античный орех золото"
2886,"Дуб rustic - SpringAir Elite","Дуб rustic - SpringAir Elite"
2885,"Дуб unique - SpringAir Elite","Дуб unique - SpringAir Elite"
2888,"Ясень natur - SpringAir Elite","Ясень natur - SpringAir Elite"
2894,"Ипе золото","Ипе золото"
2900,"Отбеленная вишня","Отбеленная вишня"
2902,"Отбеленный венге","Отбеленный венге"
2905,"Отбеленный орех","Отбеленный орех"
2907,"Пепельный 45","Пепельный 45"
2910,"Темный орех голубой","Темный орех голубой"
2913,Махагон,Махагон
2914,Орех,Орех
2916,Пепельный,Пепельный
2911,"Темный орех черный","Темный орех черный"
2929,12,12
2928,11,11
2917,"Пепельный 45","Пепельный 45"
2918,"Светлый дуб","Светлый дуб"
2927,10,10
2930,13,13
2932,Белый,Белый
2933,"Слоновая кость","Слоновая кость"
2938,Бежевый,Бежевый
2931,14,14
2942,Розовый,Розовый
2941,Молоко,Молоко
2943,Белый,Белый
3024,"красный селект х127","красный селект х127"
3040,"селект красный х127","селект красный х127"
3047,Ятоба,Ятоба
3029,"селект х190","селект х190"
3065,"Дуб Арктик","Дуб Арктик"
3048,красный,красный
3066,"Дуб Андорра","Дуб Андорра"
3051,Сукупира,Сукупира
3053,дерево,дерево
3071,"Дуб Серый туман","Дуб Серый туман"
3067,"Дуб Старинный","Дуб Старинный"
3070,"Дуб Коньяк","Дуб Коньяк"
3068,"Дуб Янтарный","Дуб Янтарный"
3069,"Дуб Белый Шелк","Дуб Белый Шелк"
3073,"Дуб Серое затмение","Дуб Серое затмение"
3074,"Дуб Кофе","Дуб Кофе"
3072,"Дуб Громовое облако","Дуб Громовое облако"
3075,"Дуб Ванильный","Дуб Ванильный"
3076,"Дуб Иней","Дуб Иней"
3082,"- Пробка","- Пробка"
3083,"-  Ироко","-  Ироко"
3077,"Дуб Орех","Дуб Орех"
3085,"- Ятоба","- Ятоба"
3080,"-  Орех","-  Орех"
3093,"- Ясень","- Ясень"
3090,"-  Бук","-  Бук"
3086,"- Тик","- Тик"
3108,VDP-130,VDP-130
3088,"-  Дуб","-  Дуб"
3173,"Дуб Медиум","Дуб Медиум"
3121,MB,MB
3141,Онтарио,Онтарио
3120,580,580
3111,P,P
3154,Эверест,Эверест
3147,Каньон,Каньон
3190,Сахара,Сахара
3183,Карамель,Карамель
3146,Бразильский,Бразильский
3206,"канадский натуральный","канадский натуральный"
3192,Уэльс,Уэльс
3200,дымчатый,дымчатый
3197,"выбеленный натуральный","выбеленный натуральный"
3209,Ятоба,Ятоба
3202,натуральный,натуральный
3210,Мербау,Мербау
3213,селект,селект
3214,натуральный,натуральный
3222,"-  Мербау","-  Мербау"
3247,Аляска,Аляска
3245,Мускат,Мускат
3242,Карамель,Карамель
3243,Серый,Серый
3254,"античное золото","античное золото"
3253,"античное золото","античное золото"
3252,темно-коричневый,темно-коричневый
3250,"Дуб рустик","Дуб рустик"
3246,Арктик,Арктик
3260,светло-серый,светло-серый
3256,крем,крем
3257,белый,белый
3259,светло-серый,светло-серый
3258,белый,белый
3262,каннель,каннель
3261,каннель,каннель
3263,"состаренный серый","состаренный серый"
3264,"состаренный серый","состаренный серый"
3265,"античный коричневый","античный коричневый"
3266,"античный коричневый","античный коричневый"
3270,"коричневый антик","коричневый антик"
3267,серый,серый
3268,серый,серый
3273,Винтаж,Винтаж
3269,"коричневый антик","коричневый антик"
3272,Распил,Распил
3276,Северный,Северный
3274,Сосна,Сосна
3278,Летний,Летний
3275,Дворцовый,Дворцовый
3283,cream,cream
3277,Груша,Груша
3341,"Дуб черный бриллиант строганный селект","Дуб черный бриллиант строганный селект"
3280,Ясень,Ясень
3342,"Дуб черный бриллиант строганный селект","Дуб черный бриллиант строганный селект"
3287,caf?,caf?
3285,cream,cream
3282,D,D
3369,Бирма,Бирма
3352,"Дуб селект","Дуб селект"
3363,Антик,Антик
3362,Черный,Черный
3365,Сильвер,Сильвер
3361,Шоколад,Шоколад
3366,Грей,Грей
3374,Натур,Натур
3371,Натур,Натур
3370,Американский,Американский
3379,Ормозия,Ормозия
3403,Панга-панга,Панга-панга
3396,Падук,Падук
3391,Queen,Queen
3392,Мербау,Мербау
3400,Queen,Queen
3405,King,King
3404,дерево,дерево
3411,Brasil,Brasil
3412,Balmoral,Balmoral
3413,Rock,Rock
3421,Ypsos,Ypsos
3424,Naturo,Naturo
3420,Country,Country
3422,White,White
3428,Balmoral,Balmoral
3427,Brasil,Brasil
3425,Canyon,Canyon
3429,Камбала,Камбала
3423,Silver,Silver
3430,Махагон,Махагон
3432,Орех,Орех
3434,натур,натур
3433,Бук,Бук
3446,"рустик дымчатый","рустик дымчатый"
3431,Вишня,Вишня
3442,"натур структур","натур структур"
3456,"дуб Fineline","дуб Fineline"
3444,рустик,рустик
3438,натур,натур
3463,"орех американский Nature","орех американский Nature"
3449,420х70х15,420х70х15
3466,"дуб промышленный","дуб промышленный"
3476,18х125х900,18х125х900
3461,"Дуб Living","Дуб Living"
3485,"Бук Люкс","Бук Люкс"
3488,"Дуб R-55","Дуб R-55"
3489,"Дуб R-53","Дуб R-53"
3486,"Дуб Стандарт","Дуб Стандарт"
3468,"Дуб черный","Дуб черный"
3490,"Дуб Люкс","Дуб Люкс"
3495,"Клен Люкс","Клен Люкс"
3492,"Сапелли Люкс","Сапелли Люкс"
3494,"Мербау R-30 Люкс","Мербау R-30 Люкс"
3493,"Ироко R-30 Люкс","Ироко R-30 Люкс"
3496,"Дуб R-55","Дуб R-55"
3501,"Афрормозия люкс","Афрормозия люкс"
3497,"Дуб Люкс","Дуб Люкс"
3499,"Дуб R-40","Дуб R-40"
3498,"Дуб R-53","Дуб R-53"
3553,зенит,зенит
3502,"Ироко R-30 Люкс","Ироко R-30 Люкс"
3503,"Сапелли Люкс","Сапелли Люкс"
3521,"Размеры: 1200х123х18 мм","Размеры: 1200х123х18 мм"
3561,Бордо,Бордо
3560,Сахара,Сахара
3567,Зенит,Зенит
3565,Кофейный,Кофейный
3568,Норд-Вест,Норд-Вест
3564,американский,американский
3569,Норд-Ист,Норд-Ист
3586,Sole,Sole
3584,Carta,Carta
3583,прованс,прованс
3595,"Дуб Серебряный","Дуб Серебряный"
3653,"Американский Натур 600-800х100х22","Американский Натур 600-800х100х22"
3655,"Натур 600-800х100х22","Натур 600-800х100х22"
3620,Мербау,Мербау
3616,Белая,Белая
3621,Золотой,Золотой
3681,"Дуб рустик масло 20х137х1473/1973 мм","Дуб рустик масло 20х137х1473/1973 мм"
3669,"Ясень селект  без покрытия  20х137х1473/1973  мм","Ясень селект  без покрытия  20х137х1473/1973  мм"
3679,"Дуб селект масло 20х137х1473/1973 мм","Дуб селект масло 20х137х1473/1973 мм"
3658,Натур,Натур
3652,Тик,Тик
3680,"Дуб натур масло 20х137х1473/1973 мм","Дуб натур масло 20х137х1473/1973 мм"
3682,"Дуб селект масло 20х167х1473/1973 мм","Дуб селект масло 20х167х1473/1973 мм"
3684,"Дуб рустик масло 20х167х1473/1973 мм","Дуб рустик масло 20х167х1473/1973 мм"
3683,"Дуб натур  масло 20х167х1473/1973 мм","Дуб натур  масло 20х167х1473/1973 мм"
3690,орех,орех
3696,Стори,Стори
3702,туман,туман
3687,Натур,Натур
3700,Ванильный,Ванильный
3720,Афромозия,Афромозия
3695,Антик,Антик
3727,Табако,Табако
3724,Сукупира,Сукупира
3699,Селект,Селект
3728,Орех,Орех
3729,Афзелия,Афзелия
3726,Тик,Тик
3896,Эвкалипт,Эвкалипт
3773,Палисандр,Палисандр
3772,натуральный,натуральный
3926,U-860,U-860
3927,U-861,U-861
3858,Вишня,Вишня
3928,U-863,U-863
3899,антик,антик
3930,U-866,U-866
3929,U-865,U-865
3933,U-918,U-918
3931,U-896,U-896
3932,U-915,U-915
3935,"мербау U-996","мербау U-996"
3934,U-995,U-995
3936,"доска дуба винтаж U-1001","доска дуба винтаж U-1001"
3938,"QST 008","QST 008"
3985,"с УФ-фильтром 420 - 0,75л","с УФ-фильтром 420 - 0,75л"
3942,королевский,королевский
3944,шоколадный,шоколадный
3959,"Eden Fruit'N'Flower - Розовое дерево","Eden Fruit'N'Flower - Розовое дерево"
3943,светлый,светлый
3991,"Master Oil","Master Oil"
3978,"для древесины","для древесины"
3996,Тайгервуд,Тайгервуд
3987,"твердым воском ЦВЕТНОЕ 0,75","твердым воском ЦВЕТНОЕ 0,75"
3989,"для древесины 0,75","для древесины 0,75"
4002,покрытия,покрытия
3999,покрытия),покрытия)
4010,"натур  1500x130x18 мм","натур  1500x130x18 мм"
4009,"натур 1200x120x22 мм","натур 1200x120x22 мм"
4005,покрытия,покрытия
4004,покрытия,покрытия
4035,18х120х400-1200мм,18х120х400-1200мм
4012,"натур 1500x150x18 мм","натур 1500x150x18 мм"
4038,"американский  18x127x400-1200 Ф1,0x4 лак","американский  18x127x400-1200 Ф1,0x4 лак"
4019,"селект 1500x150x18 мм","селект 1500x150x18 мм"
4037,"американский 18x127x400-1200 Ф1,0x4 лак","американский 18x127x400-1200 Ф1,0x4 лак"
4064,"черно-коричневый Natur","черно-коричневый Natur"
4057,Select,Select
4045,Арктик,Арктик
4069,тик,тик
4072,"дуб (Тауари)","дуб (Тауари)"
4070,орех,орех
4074,дерево,дерево
4071,дерево,дерево
4075,"Тик (Cumaru)","Тик (Cumaru)"
4090,SHADOW,SHADOW
4091,MIST,MIST
4097,3-полосный,3-полосный
4099,Дуссие,Дуссие
4098,Тик,Тик
4109,азиатский,азиатский
4103,американская,американская
4107,азиатский,азиатский
4106,американский,американский
4104,Ироко,Ироко
4101,Венге,Венге
4111,Пальма,Пальма
4110,американский,американский
4119,"Доуссия элеганс","Доуссия элеганс"
4108,Венге,Венге
4112,Тик,Тик
4115,Дуссия,Дуссия
4116,Ироко,Ироко
4125,"Дуб классик","Дуб классик"
4124,"Дуб классик","Дуб классик"
4113,канадский,канадский
4128,"Дуб элеганс масло белое","Дуб элеганс масло белое"
4129,"Дуб элеганс планк","Дуб элеганс планк"
4139,"кофе (лак)","кофе (лак)"
4133,"Камбала элеганс","Камбала элеганс"
4127,"Дуб элеганс","Дуб элеганс"
4168,Sarek,Sarek
4131,"Дуб элеганс планк масло","Дуб элеганс планк масло"
4175,Tilja,Tilja
4144,Дуссие,Дуссие
4188,Арктик,Арктик
4179,"Plank Abisko","Plank Abisko"
4200,"Дуб Классик 20* 170*500-2000 мм","Дуб Классик 20* 170*500-2000 мм"
4198,"Дуб Классик 20* 120*500-2000 мм","Дуб Классик 20* 120*500-2000 мм"
4197,"Дуб Натур  20* 170*500-2000 мм","Дуб Натур  20* 170*500-2000 мм"
4201,"Дуб Рустик  20* 120*500-2000 мм","Дуб Рустик  20* 120*500-2000 мм"
4143,Дуссие,Дуссие
4142,Мербау,Мербау
4202,"Дуб Рустик 20* 130-150*500-2000 мм","Дуб Рустик 20* 130-150*500-2000 мм"
4199,"Дуб Классик 20* 130-150*500-2000 мм","Дуб Классик 20* 130-150*500-2000 мм"
4203,"Дуб Рустик 20* 170*500-2000 мм","Дуб Рустик 20* 170*500-2000 мм"
4209,"Ясень рустик","Ясень рустик"
4204,"Дуб селект","Дуб селект"
4206,"Дуб рустик","Дуб рустик"
4205,"Дуб натур","Дуб натур"
4208,"Ясень натур","Ясень натур"
4211,"Дуб Натур Отборн. 20* 120*500-2000 мм","Дуб Натур Отборн. 20* 120*500-2000 мм"
4213,"Дуб Натур Отборн. 20* 170*500-2000 мм","Дуб Натур Отборн. 20* 170*500-2000 мм"
4212,"Дуб Натур Отборн. 20* 130-150*500-2000 мм","Дуб Натур Отборн. 20* 130-150*500-2000 мм"
4210,"Ясень селект","Ясень селект"
4207,"Ясень селект","Ясень селект"
4238,Стори,Стори
4215,"Дуб Натур  20* 130-150*500-2000 мм","Дуб Натур  20* 130-150*500-2000 мм"
4224,"Мербау селект D 420?70?15мм","Мербау селект D 420?70?15мм"
4223,"Мербау селект M 420?70?15мм","Мербау селект M 420?70?15мм"
4214,"Дуб Натур  20* 120*500-2000 мм","Дуб Натур  20* 120*500-2000 мм"
4242,Черно-белый,Черно-белый
4240,Арктик,Арктик
4243,состаренный,состаренный
4236,антик,антик
4241,Серый,Серый
4271,"Ferutti Linea - Тик бирманский браш","Ferutti Linea - Тик бирманский браш"
4249,Неаполь,Неаполь
4246,Карамель,Карамель
4273,"Parquet Бирманский тик","Parquet Бирманский тик"
4245,ночь,ночь
4272,"Ferutti Versailles - Тик бирманский","Ferutti Versailles - Тик бирманский"
4285,"Дуб Иней с серебрянной патиной","Дуб Иней с серебрянной патиной"
4290,"Ferutti Castello - Дуб Арктик","Ferutti Castello - Дуб Арктик"
4283,"Floor Дуб Серый №5, патина серая, лак УФ","Floor Дуб Серый №5, патина серая, лак УФ"
4284,"Дуб Крема ди Маре","Дуб Крема ди Маре"
4292,"Дуб Deserto","Дуб Deserto"
4294,Дуссия,Дуссия
4288,"Ferutti Linea - Дуб Нордик","Ferutti Linea - Дуб Нордик"
4289,"Ferutti Linea - Дуб Ванила","Ferutti Linea - Дуб Ванила"
4287,"Floor Дуб Тюдор, осветлённый, масло Серое OSMO МОДУЛЬ № 9","Floor Дуб Тюдор, осветлённый, масло Серое OSMO МОДУЛЬ № 9"
4247,Мокко,Мокко
4291,"Ferutti Versailles - Дуб Нордик","Ferutti Versailles - Дуб Нордик"
4295,Сукупира,Сукупира
4244,Селект,Селект
4302,"Акация пропаренная","Акация пропаренная"
4312,"Parket Ясень Silver Moon","Parket Ясень Silver Moon"
4300,"Американская вишня","Американская вишня"
4299,Сукупира,Сукупира
4296,White,White
4320,"Ясень Ванильный","Ясень Ванильный"
4328,"Дуб Nature Marble 14мм МЛБ 3.0 м2/уп","Дуб Nature Marble 14мм МЛБ 3.0 м2/уп"
4330,"Дуб Thunder Cloud НМБ/Б","Дуб Thunder Cloud НМБ/Б"
4331,"Дуб Silver Mist НМЦ/Б","Дуб Silver Mist НМЦ/Б"
4334,"Дуб Frost НМЦ/Б","Дуб Frost НМЦ/Б"
4338,"Дуб Термо","Дуб Термо"
4301,"Американский орех","Американский орех"
4339,"Ясень Термо","Ясень Термо"
4340,"Дуб Селект","Дуб Селект"
4342,"Дуб Дымчатый","Дуб Дымчатый"
4343,"Ясень Арктик","Ясень Арктик"
4341,"Дуб Кофе","Дуб Кофе"
4344,"Дуб Табачный","Дуб Табачный"
4345,"Дуб Белёный","Дуб Белёный"
4347,"Дуб Розовый жемчуг","Дуб Розовый жемчуг"
4349,"Дуб Коттедж","Дуб Коттедж"
4350,"Дуб Мореный","Дуб Мореный"
4351,"Дуб Серебро","Дуб Серебро"
4352,"Дуб Копченый белый","Дуб Копченый белый"
4361,"Ясень Coffee","Ясень Coffee"
4362,"Дуб Ascania","Дуб Ascania"
4348,"Ясень Сахара","Ясень Сахара"
4368,"Дуб Ivory","Дуб Ivory"
4380,"Дуб Banana Song","Дуб Banana Song"
4370,"Дуб Almond","Дуб Almond"
4378,"Дуб Marzipan Muffin","Дуб Marzipan Muffin"
4379,"Дуб Cappuccino","Дуб Cappuccino"
4391,"Дуб Story Brashed New Arctic","Дуб Story Brashed New Arctic"
4394,"Дуб Story Brashed New Arctic","Дуб Story Brashed New Arctic"
4403,"Дуб Aged Stonewashed Ivory","Дуб Aged Stonewashed Ivory"
4404,"Дуб 138 Country","Дуб 138 Country"
4405,"Дуб 138 Natur","Дуб 138 Natur"
4407,"Дуб 138 Natur Matt","Дуб 138 Natur Matt"
4410,"Дуб Story","Дуб Story"
4411,"Дуб Electric Light","Дуб Electric Light"
4413,"Дуб Sugar","Дуб Sugar"
4428,"Дуб Smoked Almond","Дуб Smoked Almond"
4430,"Дуб Smoked Truffle","Дуб Smoked Truffle"
4433,"Дуб full plank Black Pepper","Дуб full plank Black Pepper"
4439,"Дуб Concerte Grey","Дуб Concerte Grey"
4409,"Дуб 188 Natur","Дуб 188 Natur"
4419,"Дуб Oregano","Дуб Oregano"
4452,"Дуб Vivo масло","Дуб Vivo масло"
4454,"Дуб Andante матовый лак","Дуб Andante матовый лак"
4488,"Дуб натур лак","Дуб натур лак"
4490,"Дуб натур масло","Дуб натур масло"
4489,"Дуб белый лак","Дуб белый лак"
4408,"Дуб 138 Story","Дуб 138 Story"
4491,"Дуб белый масло","Дуб белый масло"
4494,"Дуб Arizona","Дуб Arizona"
4492,"Дуб дымчатый лак","Дуб дымчатый лак"
4493,"Дуб дымчатый масло","Дуб дымчатый масло"
4496,"Дуб белый Animoso  лак","Дуб белый Animoso  лак"
4497,"Дуб Animoso масло","Дуб Animoso масло"
4495,"Дуб Animoso матовый лак","Дуб Animoso матовый лак"
4498,"Дуб белый Animoso масло","Дуб белый Animoso масло"
4501,"Дуб Andante матовый лак","Дуб Andante матовый лак"
4500,"Дуб Old Grey","Дуб Old Grey"
4502,"Дуб белый Andante лак","Дуб белый Andante лак"
4503,"Дуб Pearl","Дуб Pearl"
4504,"Дуб Andante масло","Дуб Andante масло"
4506,"Дуб Sand","Дуб Sand"
4505,"Дуб белый Andante масло","Дуб белый Andante масло"
4509,"Дуб Andante масло, браш","Дуб Andante масло, браш"
4508,"Дуб Graphite","Дуб Graphite"
4510,"Дуб Lava","Дуб Lava"
4512,"Дуб копченый масло","Дуб копченый масло"
4511,"Дуб Stone","Дуб Stone"
4514,"Американский орех Andante лак","Американский орех Andante лак"
4513,"Американский орех Animoso лак","Американский орех Animoso лак"
4515,"Американский орех Andante масло","Американский орех Andante масло"
4519,"Дуб Vivo масло","Дуб Vivo масло"
4523,"Дуб Andante матовый лак","Дуб Andante матовый лак"
4526,"Дуб белый Animoso масло","Дуб белый Animoso масло"
4528,"Дуб Toscana матовый лак","Дуб Toscana матовый лак"
4525,"Дуб Animoso Масло","Дуб Animoso Масло"
4527,"Дуб Animoso Матовый лак","Дуб Animoso Матовый лак"
4529,"Дуб Cordoba матовый лак","Дуб Cordoba матовый лак"
4530,"Дуб Arizona матовый лак","Дуб Arizona матовый лак"
4532,"Дуб Andante масло","Дуб Andante масло"
4531,"Дуб белый Andante матовый лак","Дуб белый Andante матовый лак"
4534,"Дуб Andante масло, браш","Дуб Andante масло, браш"
4538,"Дуб белый andante матовый лак","Дуб белый andante матовый лак"
4533,"Дуб белый Andante масло","Дуб белый Andante масло"
4536,"Дуб Noir сатиновый лак","Дуб Noir сатиновый лак"
4535,"Ясень белый Andante матовый лак","Ясень белый Andante матовый лак"
4537,"Ясень Polar матовый лак","Ясень Polar матовый лак"
4552,"Дуб Барселона","Дуб Барселона"
4555,"Дуб Марсель","Дуб Марсель"
4554,"Дуб Старая Венеция","Дуб Старая Венеция"
4558,"Дуб Вена","Дуб Вена"
4559,"Ясень Мокка (Mocca)","Ясень Мокка (Mocca)"
4562,"Ясень Лунный свет (Moonlight)","Ясень Лунный свет (Moonlight)"
4563,"Ясень Венге (Wenge)","Ясень Венге (Wenge)"
4565,"Дуб Берген","Дуб Берген"
4568,"Дуб Скандинавский","Дуб Скандинавский"
4574,"Термо Дуб Нордик","Термо Дуб Нордик"
4608,"Дуб Верона матовый лак (Европейская коллекция)","Дуб Верона матовый лак (Европейская коллекция)"
4641,"Дуб  Antique масло/лак","Дуб  Antique масло/лак"
4646,"Дуб  Antique масло/лак","Дуб  Antique масло/лак"
4655,"Дуб Cream масло/лак","Дуб Cream масло/лак"
4672,"Дуб Каньон Светлый","Дуб Каньон Светлый"
4673,"Груша Изящная","Груша Изящная"
4676,"Floors Французская елка Дуб Fresco","Floors Французская елка Дуб Fresco"
4678,"Floors Французская елка Дуб Dante","Floors Французская елка Дуб Dante"
4677,"Floors Французская елка Дуб Etna","Floors Французская елка Дуб Etna"
4679,"Floors Французская елка Дуб Bruno","Floors Французская елка Дуб Bruno"
4685,"селект х170","селект х170"
4688,"Parket Орех американский City","Parket Орех американский City"
4689,"Орех американский Натур","Орех американский Натур"
4698,"Parquet Американский Орех Светлый","Parquet Американский Орех Светлый"
4695,традишинал,традишинал
4699,"Parquet Американский Орех Тёмный","Parquet Американский Орех Тёмный"
4700,"Parquet Орех Smooth (Гладкий)","Parquet Орех Smooth (Гладкий)"
4702,"Floor Дуб Платина, патина серебро, лак УФ","Floor Дуб Платина, патина серебро, лак УФ"
4701,"Floor Дуб Платина, патина золото, лак УФ","Floor Дуб Платина, патина золото, лак УФ"
4704,"Floor Дуб Белая ночь, лак УФ","Floor Дуб Белая ночь, лак УФ"
4703,"Floor Дуб Копченый, Гансток, браш, лак УФ","Floor Дуб Копченый, Гансток, браш, лак УФ"
4706,"Floor Дуб Копченый, патина белая, масло УФ","Floor Дуб Копченый, патина белая, масло УФ"
4705,"Floor Дуб Арктик 60%, лак УФ","Floor Дуб Арктик 60%, лак УФ"
4707,"Floor Дуб Копченый, Эбенхольц, масло УФ","Floor Дуб Копченый, Эбенхольц, масло УФ"
4708,"Floor Дуб Бурбон  Беттерскотч, браш, лак УФ","Floor Дуб Бурбон  Беттерскотч, браш, лак УФ"
4709,"Floor Дуб Бурбон Беттерскотч, лак УФ","Floor Дуб Бурбон Беттерскотч, лак УФ"
4710,"Floor Дуб Бурбон белая патина, лак УФ","Floor Дуб Бурбон белая патина, лак УФ"
4711,"Floor Дуб Бурбон черная патина, лак УФ","Floor Дуб Бурбон черная патина, лак УФ"
4712,"Floor Дуб Бурбон Сомбре, браш, лак УФ","Floor Дуб Бурбон Сомбре, браш, лак УФ"
4714,"Floor Дуб Блек Вуд, принт 1, патина белая, лак УФ","Floor Дуб Блек Вуд, принт 1, патина белая, лак УФ"
4713,"Floor Дуб Бурбон Венге, лак УФ","Floor Дуб Бурбон Венге, лак УФ"
4715,"Floor Дуб Черный, патина серебро, лак УФ","Floor Дуб Черный, патина серебро, лак УФ"
4716,"Floor Дуб Тюдор СВ Натуральный, масло УФ","Floor Дуб Тюдор СВ Натуральный, масло УФ"
4717,"Floor Дуб Черный, патина золотая, лак УФ","Floor Дуб Черный, патина золотая, лак УФ"
4719,"Floor Дуб Тюдор СВ Сизо-голубой, масло OSMO","Floor Дуб Тюдор СВ Сизо-голубой, масло OSMO"
4718,"Floor Дуб Тюдор СВ Натуральный, масло OSMO","Floor Дуб Тюдор СВ Натуральный, масло OSMO"
4720,"Floor Дуб Тюдор СВ Серый, масло OSMO","Floor Дуб Тюдор СВ Серый, масло OSMO"
4723,"Floor Дуб Тюдор СВ Синий, масло УФ","Floor Дуб Тюдор СВ Синий, масло УФ"
4721,"Floor Дуб Тюдор СВ Серый, масло УФ","Floor Дуб Тюдор СВ Серый, масло УФ"
4722,"Floor Дуб Тюдор ТМ Сизо-голубой, масло УФ","Floor Дуб Тюдор ТМ Сизо-голубой, масло УФ"
4724,"Floor Дуб Тюдор СВ белая патина, масло УФ","Floor Дуб Тюдор СВ белая патина, масло УФ"
4727,"Floor Дуб Тюдор СВ Эбенхольц, масло УФ","Floor Дуб Тюдор СВ Эбенхольц, масло УФ"
4726,"Floor Дуб Тюдор ТМ натуральный, лак УФ","Floor Дуб Тюдор ТМ натуральный, лак УФ"
4725,"Floor Дуб Тюдор ТМ натуральный, масло УФ","Floor Дуб Тюдор ТМ натуральный, масло УФ"
4729,"Floor Дуб натуральный, копченый, тесанный, масло OSMO","Floor Дуб натуральный, копченый, тесанный, масло OSMO"
4728,"Floor Дуб Эмаль белая, патина черная, лак УФ","Floor Дуб Эмаль белая, патина черная, лак УФ"
4731,"Floor Дуб Тюдор СВ натуральный, патина серебро, лак УФ","Floor Дуб Тюдор СВ натуральный, патина серебро, лак УФ"
4732,"Floor Дуб Черный, копченый, тесанный, масло OSMO","Floor Дуб Черный, копченый, тесанный, масло OSMO"
4730,"Floor Дуб Тюдор СВ натуральный, патина золото, лак УФ","Floor Дуб Тюдор СВ натуральный, патина золото, лак УФ"
4742,"Дуб Шабо","Дуб Шабо"
4745,"Дуб Серый кашемир / Grey Cashmere","Дуб Серый кашемир / Grey Cashmere"
4748,"Дуб Белый Иней  / White Frost","Дуб Белый Иней  / White Frost"
4753,"Американский Орех Селект","Американский Орех Селект"
4755,"Ferutti Castello - Дуб Натур","Ferutti Castello - Дуб Натур"
4754,"Ferutti Castello - Дуб Коньяк","Ferutti Castello - Дуб Коньяк"
4752,"Американский Орех Натур","Американский Орех Натур"
4756,"Ferutti Castello - Дуб Нордик","Ferutti Castello - Дуб Нордик"
4758,"Ferutti Castello - Сапеле","Ferutti Castello - Сапеле"
4757,"Ferutti Castello - Дуб Беленый","Ferutti Castello - Дуб Беленый"
4760,"Ferutti Castello - Дуб Экспрешн","Ferutti Castello - Дуб Экспрешн"
4759,"Ferutti Castello - Дуб Термо","Ferutti Castello - Дуб Термо"
4762,"Ferutti Castello - Тик","Ferutti Castello - Тик"
4761,"Ferutti Castello - Орех Американский","Ferutti Castello - Орех Американский"
4763,"Ferutti Linea - Дуб Коньяк браш","Ferutti Linea - Дуб Коньяк браш"
4764,"Ferutti Linea - Дуб Натур браш","Ferutti Linea - Дуб Натур браш"
4765,"Ferutti Linea - Дуб Беленый браш","Ferutti Linea - Дуб Беленый браш"
4766,"Ferutti Linea - Дуб Термо браш","Ferutti Linea - Дуб Термо браш"
4767,"Ferutti Linea - Дуб Экспрешен","Ferutti Linea - Дуб Экспрешен"
4769,"Ferutti Vario -  Орех американский","Ferutti Vario -  Орех американский"
4768,"Ferutti Linea - Орех американский","Ferutti Linea - Орех американский"
4771,"Ferutti Versailles - Дуб Арктик браш","Ferutti Versailles - Дуб Арктик браш"
4770,"Ferutti Versailles - Дуб Кембридж браш","Ferutti Versailles - Дуб Кембридж браш"
4772,"Ferutti Versailles - Дуб Беленый браш","Ferutti Versailles - Дуб Беленый браш"
4773,"Ferutti Versailles - Дуб Натур браш","Ferutti Versailles - Дуб Натур браш"
4774,"Ferutti Versailles - Дуб Бренди браш","Ferutti Versailles - Дуб Бренди браш"
4775,"Ferutti Versailles - Дуб Термо браш","Ferutti Versailles - Дуб Термо браш"
4776,"Ferutti Versailles - Дуб Экспрешен браш","Ferutti Versailles - Дуб Экспрешен браш"
4777,"Ferutti Versailles - Орех американский","Ferutti Versailles - Орех американский"
4778,"Floors Дуб Ideale","Floors Дуб Ideale"
4779,"Floors Дуб Натуральный","Floors Дуб Натуральный"
4780,"Floors Дуб Amore","Floors Дуб Amore"
4781,"Floors Дуб Viola","Floors Дуб Viola"
4782,"Floors Дуб Savoy","Floors Дуб Savoy"
4784,"Floors Дуб Amigo","Floors Дуб Amigo"
4783,"Floors Дуб Libro","Floors Дуб Libro"
4786,"Floors Дуб Vento","Floors Дуб Vento"
4785,"Floors Дуб Deco","Floors Дуб Deco"
4789,"Floors Дуб Conte","Floors Дуб Conte"
4787,"Floors Дуб Arena","Floors Дуб Arena"
4788,"Floors Дуб Novo","Floors Дуб Novo"
4790,"Floors Дуб Stella","Floors Дуб Stella"
4792,"Ясень Лунный свет / Moonlight","Ясень Лунный свет / Moonlight"
4793,"Дуб песочный","Дуб песочный"
4794,"Дуб Каменный ручей","Дуб Каменный ручей"
4795,"Дуб Шамбор","Дуб Шамбор"
4797,"Ясень Тигровый глаз","Ясень Тигровый глаз"
4796,"Дуб Альбатрос","Дуб Альбатрос"
4798,"Ясень  Лунный свет","Ясень  Лунный свет"
4799,"Ясень  Натуральный","Ясень  Натуральный"
"?лая ночь""",,
4808,"Дуб Мокко","Дуб Мокко"
4802,"Бамбук Кофе","Бамбук Кофе"
4816,"Floors Ясень Verde","Floors Ясень Verde"
4811,Мербау,Мербау
4814,"Floor Сукупира Антик","Floor Сукупира Антик"
4813,"Floor Зебрано Селект","Floor Зебрано Селект"
4817,"Floors Дуб Bordo","Floors Дуб Bordo"
4818,"Floors Дуб Bosco","Floors Дуб Bosco"
4819,"Floors Дуб Grado","Floors Дуб Grado"
4821,"Floors Дуб Grotta","Floors Дуб Grotta"
4822,"Floors Дуб Terra","Floors Дуб Terra"
4820,"Floors Дуб Neve","Floors Дуб Neve"
4824,"Floors Дуб Cosmo","Floors Дуб Cosmo"
4823,"Floors Дуб Bella","Floors Дуб Bella"
4825,"Floors Дуб Deserto","Floors Дуб Deserto"
4826,"Floors Дуб Legno","Floors Дуб Legno"
4827,"Floors Дуб Vero","Floors Дуб Vero"
4831,"Floors Ясень Via","Floors Ясень Via"
4828,"Floors Дуб Ferro","Floors Дуб Ferro"
4829,"Floors Ясень Neve","Floors Ясень Neve"
4830,"Floors Ясень Pelle","Floors Ясень Pelle"
4832,"Floors Ясень Neo","Floors Ясень Neo"
4835,"Floors Французская елка Дуб Carta","Floors Французская елка Дуб Carta"
4833,"Floors Французская елка Дуб Notte","Floors Французская елка Дуб Notte"
4836,"Floors Французская елка Дуб Monaco","Floors Французская елка Дуб Monaco"
4834,"Floors Французская елка Дуб Luna","Floors Французская елка Дуб Luna"
4838,"Floors Схема - 5","Floors Схема - 5"
4837,"Floors Схема - 1","Floors Схема - 1"
4839,"Floors Схема - 7","Floors Схема - 7"
4841,"Floors Схема - 8","Floors Схема - 8"
4840,"Floors Схема - 9","Floors Схема - 9"
4843,"Floors Схема - 2","Floors Схема - 2"
4842,"Floors Схема - 6","Floors Схема - 6"
4844,"Floors Схема - 31","Floors Схема - 31"
4847,"Floors Схема - 65","Floors Схема - 65"
4845,"Floors Схема - 4","Floors Схема - 4"
4848,"Floors Схема - 3","Floors Схема - 3"
4846,"Floors Схема - 44","Floors Схема - 44"
4855,"Кемпас селект","Кемпас селект"
4856,"Тигровое дерево","Тигровое дерево"
4854,"Мербау селект","Мербау селект"
4857,"Сантос Махагон (Кабреува)","Сантос Махагон (Кабреува)"
4860,"Тигровое дерево","Тигровое дерево"
4861,"Floor Тигровое дерево","Floor Тигровое дерево"
4862,"Бразильская вишня (ятоба)","Бразильская вишня (ятоба)"
4866,"Floor Сукупира","Floor Сукупира"
4867,"Floor Лапачо","Floor Лапачо"
4864,Ятоба,Ятоба
4863,"Floor Ятоба","Floor Ятоба"
4873,"селект х170","селект х170"
4877,"Floor Дуб Тюдор, не осветлённый, масло Серое УФ МОДУЛЬ № 2","Floor Дуб Тюдор, не осветлённый, масло Серое УФ МОДУЛЬ № 2"
4876,"Floor Дуб Тюдор, не осветлённый, масло Серое УФ МОДУЛЬ № 8","Floor Дуб Тюдор, не осветлённый, масло Серое УФ МОДУЛЬ № 8"
4879,"Floor Дуб Тюдор, осветлённый, Белая патина, масло УФ МОДУЛЬ № 13","Floor Дуб Тюдор, осветлённый, Белая патина, масло УФ МОДУЛЬ № 13"
4878,"Floor Дуб Тюдор, неосветлённый, масло Чёрное УФ МОДУЛЬ № 9","Floor Дуб Тюдор, неосветлённый, масло Чёрное УФ МОДУЛЬ № 9"
4880,"Floor Дуб Тюдор, осветлённый, Золотая патина, масло УФ МОДУЛЬ № 13","Floor Дуб Тюдор, осветлённый, Золотая патина, масло УФ МОДУЛЬ № 13"
5065,"Мальтийский 447","Мальтийский 447"
5067,414,414
5068,"Канарский 621","Канарский 621"
5066,"Аутентик 103","Аутентик 103"
5069,"Сардиния 619","Сардиния 619"
5070,"Балеарский 622","Балеарский 622"
5072,"Мальтийский 447","Мальтийский 447"
5152,Орех,Орех
5155,"Орех грецкий","Орех грецкий"
5160,Песчаник,Песчаник
5171,"Черный орех","Черный орех"
5174,Split,Split
5182,Element,Element
5173,Expression,Expression
5187,Nobel,Nobel
5197,Platinum,Platinum
5207,Siena,Siena
5193,Caramel,Caramel
5201,Antique,Antique
5206,Blanc,Blanc
5205,Pearl,Pearl
5215,Sand,Sand
5211,дерево,дерево
5377,Зебрано,Зебрано
5396,"Сантос Махагон","Сантос Махагон"
5397,"Королевский Махагон","Королевский Махагон"
5361,Махагон,Махагон
5403,Select,Select
5381,"Дуб дымчатый натур","Дуб дымчатый натур"
5404,Select,Select
5408,"Floor Тик (Бирма)","Floor Тик (Бирма)"
5407,"Floor Тик (Индонезия)","Floor Тик (Индонезия)"
5415,"Американская вишня","Американская вишня"
5424,"Американский Орех Премиум","Американский Орех Премиум"
5427,"Орех Американский Натур","Орех Американский Натур"
5428,"Орех Американский Селект","Орех Американский Селект"
5426,"Floor Орех Американский Натур","Floor Орех Американский Натур"
5425,"Американский Орех Премиум","Американский Орех Премиум"
5440,"Мербау Элегант Палуба","Мербау Элегант Палуба"
5446,"Вишня американская Andante масло","Вишня американская Andante масло"
5445,"Вишня американская Andante лак","Вишня американская Andante лак"
5447,"Клён Andante сатиновый лак","Клён Andante сатиновый лак"
5454,"сосна, планка 2V (L0305-01774)","сосна, планка 2V (L0305-01774)"
5453,"сосна, планка 2V (L0305-01774)","сосна, планка 2V (L0305-01774)"
5462,Ибираро,Ибираро
4363,"Дуб Caramel","Дуб Caramel"
1182,"Дуб Cognac","Дуб Cognac"
17,"Дуб Тундра","Дуб Тундра"
1176,"Collection Дуб красный селект","Collection Дуб красный селект"
4346,"Дуб Жемчуг","Дуб Жемчуг"
1318,"Дуб Карамель","Дуб Карамель"
1448,"Wood Дуб Натур лак","Wood Дуб Натур лак"
78,"Гевея Прайм","Гевея Прайм"
